b0f1be1e-e665-45de-a347-6107d3b89c8a,750e8400-e29b-41d4-a716-446655440002,Warm Wool/Duffle Coat 04,"Wool coat with soft lining, excellent heat retention, refined stitching, detachable hood. Suitable for early morning/cold night travel, structured fit flatters figure. High-quality material, tested for stretch and colorfastness after multiple washes.",Warm coat with structured fit,TOP-COAT-004,Tops,"{'"currency'": '"VND'", '"retailPrice'": 336000, '"listingPrice'": 276000}","{'"quantity'": 34}","{'"sizes'": ['"S'", '"M'", '"L'", '"XL'"], '"colors'": ['"black'", '"grey'", '"white'", '"beige'", '"navy blue'"], '"materials'": ['"cotton'", '"polyester'", '"wool'"], '"specifications'": {'"fit'": '"regular'", '"season'": '"winter'", '"material'": '"cotton/poly'"}}",PRODUCT_TYPE_PHYSICAL,PUBLISHED,APPROVED,"{shirt,'"keeps you warm'",breathable}",t,f,f,0.60,"{'"unit'": '"cm'", '"width'": 50, '"height'": 3, '"length'": 67}","{'"keywords'": ['"shirt'", '"jacket'", '"wool'", '"hoodie'"], '"metaTitle'": '"Quality shirts 04'", '"metaDescription'": '"Breathable, keeps you warm, easy to mix and match.'"}",2025-10-13 15:41:12.282244,2025-12-11 18:49:31.084431,2025-10-13 15:41:12.282244,aaaaaaaa-aaaa-aaaa-aaaa-aaaaaaaaaaaa,,550e8400-e29b-41d4-a716-446655440003
94d3b6dc-beaf-4fed-b320-020d1551b561,750e8400-e29b-41d4-a716-446655440002,Warm Brushed Fleece Hoodie 03,"Brushed fleece hoodie with soft inner surface, warm and soft, drawstring hood, cuffed sleeves/hem retains heat. Suitable for strolling and travel. High-quality material, tested for stretch and colorfastness after multiple washes.",Warm and comfortable hoodie,TOP-HOOD-003,Tops,"{'"currency'": '"VND'", '"retailPrice'": 332000, '"listingPrice'": 272000}","{'"quantity'": 33}","{'"sizes'": ['"S'", '"M'", '"L'", '"XL'"], '"colors'": ['"black'", '"grey'", '"white'", '"beige'", '"navy blue'"], '"materials'": ['"cotton'", '"polyester'", '"wool'"], '"specifications'": {'"fit'": '"regular'", '"season'": '"winter'", '"material'": '"cotton/poly'"}}",PRODUCT_TYPE_PHYSICAL,PUBLISHED,APPROVED,"{shirt,'"keeps you warm'",breathable}",t,f,f,0.55,"{'"unit'": '"cm'", '"width'": 52, '"height'": 3, '"length'": 65}","{'"keywords'": ['"shirt'", '"jacket'", '"wool'", '"hoodie'"], '"metaTitle'": '"Quality shirts 03'", '"metaDescription'": '"Breathable, keeps you warm, easy to mix and match.'"}",2025-10-13 15:41:12.282244,2025-12-11 18:54:03.464614,2025-10-13 15:41:12.282244,aaaaaaaa-aaaa-aaaa-aaaa-aaaaaaaaaaaa,,550e8400-e29b-41d4-a716-446655440003
9b3e3de8-3e0d-4c2e-85bc-580a885a5337,750e8400-e29b-41d4-a716-446655440002,Soft Cotton Shirt 06,"Lightweight twill-woven cotton shirt, quick moisture absorption, button-down collar maintains shape. Suitable for office and casual wear. High-quality material, tested for stretch and colorfastness after multiple washes.",Breathable cotton shirt,TOP-SHIRT-006,Tops,"{'"currency'": '"VND'", '"retailPrice'": 344000, '"listingPrice'": 284000}","{'"quantity'": 36}","{'"sizes'": ['"S'", '"M'", '"L'", '"XL'"], '"colors'": ['"black'", '"grey'", '"white'", '"beige'", '"navy blue'"], '"materials'": ['"cotton'", '"polyester'", '"wool'"], '"specifications'": {'"fit'": '"regular'", '"season'": '"spring/fall'", '"material'": '"cotton/poly'"}}",PRODUCT_TYPE_PHYSICAL,PUBLISHED,APPROVED,"{shirt,'"keeps you warm'",breathable}",t,f,f,0.40,"{'"unit'": '"cm'", '"width'": 50, '"height'": 3, '"length'": 65}","{'"keywords'": ['"shirt'", '"jacket'", '"wool'", '"hoodie'"], '"metaTitle'": '"Quality shirts 06'", '"metaDescription'": '"Breathable, keeps you warm, easy to mix and match.'"}",2025-10-13 15:41:12.282244,2025-12-11 18:55:45.828736,2025-10-13 15:41:12.282244,aaaaaaaa-aaaa-aaaa-aaaa-aaaaaaaaaaaa,,550e8400-e29b-41d4-a716-446655440003
53aaf7fe-a525-45ba-a291-00197093ea30,750e8400-e29b-41d4-a716-446655440002,Soft Cotton Shirt 02,"Lightweight twill-woven cotton shirt, quick moisture absorption, button-down collar maintains shape. Suitable for office and casual wear. High-quality material, tested for stretch and colorfastness after multiple washes.",Breathable cotton shirt,TOP-SHIRT-002,Tops,"{'"currency'": '"VND'", '"retailPrice'": 328000, '"listingPrice'": 268000}","{'"quantity'": 32}","{'"sizes'": ['"S'", '"M'", '"L'", '"XL'"], '"colors'": ['"black'", '"grey'", '"white'", '"beige'", '"navy blue'"], '"materials'": ['"cotton'", '"polyester'", '"wool'"], '"specifications'": {'"fit'": '"regular'", '"season'": '"spring/fall'", '"material'": '"cotton/poly'"}}",PRODUCT_TYPE_PHYSICAL,PUBLISHED,APPROVED,"{shirt,'"keeps you warm'",breathable}",t,f,f,0.50,"{'"unit'": '"cm'", '"width'": 50, '"height'": 3, '"length'": 69}","{'"keywords'": ['"shirt'", '"jacket'", '"wool'", '"hoodie'"], '"metaTitle'": '"Quality shirts 02'", '"metaDescription'": '"Breathable, keeps you warm, easy to mix and match.'"}",2025-10-13 15:41:12.282244,2025-12-11 18:28:34.953771,2025-10-13 15:41:12.282244,aaaaaaaa-aaaa-aaaa-aaaa-aaaaaaaaaaaa,,550e8400-e29b-41d4-a716-446655440003
a6a3b89e-f63c-47f1-a802-3245dde10acd,750e8400-e29b-41d4-a716-446655440002,Warm Wool/Duffle Coat 08,"Wool coat with soft lining, excellent heat retention, refined stitching, detachable hood. Suitable for early morning/cold night travel, structured fit flatters figure. High-quality material, tested for stretch and colorfastness after multiple washes.",Warm coat with structured fit,TOP-COAT-008,Tops,"{'"currency'": '"VND'", '"retailPrice'": 352000, '"listingPrice'": 292000}","{'"quantity'": 38}","{'"sizes'": ['"S'", '"M'", '"L'", '"XL'"], '"colors'": ['"black'", '"grey'", '"white'", '"beige'", '"navy blue'"], '"materials'": ['"cotton'", '"polyester'", '"wool'"], '"specifications'": {'"fit'": '"regular'", '"season'": '"winter'", '"material'": '"cotton/poly'"}}",PRODUCT_TYPE_PHYSICAL,PUBLISHED,APPROVED,"{shirt,'"keeps you warm'",breathable}",t,f,f,0.50,"{'"unit'": '"cm'", '"width'": 50, '"height'": 3, '"length'": 69}","{'"keywords'": ['"shirt'", '"jacket'", '"wool'", '"hoodie'"], '"metaTitle'": '"Quality shirts 08'", '"metaDescription'": '"Breathable, keeps you warm, easy to mix and match.'"}",2025-10-13 15:41:12.282244,2025-12-11 18:50:01.108842,2025-10-13 15:41:12.282244,aaaaaaaa-aaaa-aaaa-aaaa-aaaaaaaaaaaa,,550e8400-e29b-41d4-a716-446655440003
d7047958-a83a-4f59-b3b4-d18a8c76bd91,750e8400-e29b-41d4-a716-446655440002,Soft turtleneck sweater 13,"Stretchable cotton blend turtleneck sweater. Keeps your neck and chest warm. Smooth surface with minimal pilling. Easy to pair with blazers/jackets. High-quality material, tested for stretch and colorfastness after multiple washes.",Soft turtleneck sweater,TOP-SWEA-013,Tops,"{'"currency'": '"VND'", '"retailPrice'": 372000, '"listingPrice'": 312000}","{'"quantity'": 43}","{'"sizes'": ['"S'", '"M'", '"L'", '"XL'"], '"colors'": ['"black'", '"grey'", '"white'", '"beige'", '"navy blue'"], '"materials'": ['"cotton'", '"polyester'", '"wool'"], '"specifications'": {'"fit'": '"regular'", '"season'": '"winter'", '"material'": '"cotton/poly'"}}",PRODUCT_TYPE_PHYSICAL,PUBLISHED,APPROVED,"{shirt,'"keeps you warm'",breathable}",t,f,f,0.45,"{'"unit'": '"cm'", '"width'": 52, '"height'": 3, '"length'": 67}","{'"keywords'": ['"shirt'", '"jacket'", '"wool'", '"hoodie'"], '"metaTitle'": '"Quality shirts 13'", '"metaDescription'": '"Breathable, keeps you warm, easy to mix and match.'"}",2025-10-13 15:41:12.282244,2025-12-11 18:53:12.600346,2025-10-13 15:41:12.282244,aaaaaaaa-aaaa-aaaa-aaaa-aaaaaaaaaaaa,,550e8400-e29b-41d4-a716-446655440003
4911c3e8-8e23-4f7c-a982-aa1b30290a24,750e8400-e29b-41d4-a716-446655440002,Soft Cotton Shirt 10,"Lightweight twill-woven cotton shirt, quick moisture absorption, button-down collar maintains shape. Suitable for office and casual wear. High-quality material, tested for stretch and colorfastness after multiple washes.",Breathable cotton shirt,TOP-SHIRT-010,Tops,"{'"currency'": '"VND'", '"retailPrice'": 360000, '"listingPrice'": 300000}","{'"quantity'": 40}","{'"sizes'": ['"S'", '"M'", '"L'", '"XL'"], '"colors'": ['"black'", '"grey'", '"white'", '"beige'", '"navy blue'"], '"materials'": ['"cotton'", '"polyester'", '"wool'"], '"specifications'": {'"fit'": '"regular'", '"season'": '"spring/fall'", '"material'": '"cotton/poly'"}}",PRODUCT_TYPE_PHYSICAL,PUBLISHED,APPROVED,"{shirt,'"keeps you warm'",breathable}",t,t,f,0.60,"{'"unit'": '"cm'", '"width'": 50, '"height'": 3, '"length'": 67}","{'"keywords'": ['"shirt'", '"jacket'", '"wool'", '"hoodie'"], '"metaTitle'": '"Quality shirts 10'", '"metaDescription'": '"Breathable, keeps you warm, easy to mix and match.'"}",2025-10-13 15:41:12.282244,2025-12-11 18:26:48.676531,2025-10-13 15:41:12.282244,aaaaaaaa-aaaa-aaaa-aaaa-aaaaaaaaaaaa,,550e8400-e29b-41d4-a716-446655440003
68a92755-78ed-4a49-823f-2e96cfef1238,750e8400-e29b-41d4-a716-446655440002,Warm Brushed Fleece Hoodie 11,"Brushed fleece hoodie with soft inner surface, warm and soft, drawstring hood, cuffed sleeves/hem retains heat. Suitable for strolling and travel. High-quality material, tested for stretch and colorfastness after multiple washes.",Warm and comfortable hoodie,TOP-HOOD-011,Tops,"{'"currency'": '"VND'", '"retailPrice'": 364000, '"listingPrice'": 304000}","{'"quantity'": 41}","{'"sizes'": ['"S'", '"M'", '"L'", '"XL'"], '"colors'": ['"black'", '"grey'", '"white'", '"beige'", '"navy blue'"], '"materials'": ['"cotton'", '"polyester'", '"wool'"], '"specifications'": {'"fit'": '"regular'", '"season'": '"winter'", '"material'": '"cotton/poly'"}}",PRODUCT_TYPE_PHYSICAL,PUBLISHED,APPROVED,"{shirt,'"keeps you warm'",breathable}",t,f,f,0.65,"{'"unit'": '"cm'", '"width'": 52, '"height'": 3, '"length'": 69}","{'"keywords'": ['"shirt'", '"jacket'", '"wool'", '"hoodie'"], '"metaTitle'": '"Quality shirts 11'", '"metaDescription'": '"Breathable, keeps you warm, easy to mix and match.'"}",2025-10-13 15:41:12.282244,2025-12-11 18:29:03.568248,2025-10-13 15:41:12.282244,aaaaaaaa-aaaa-aaaa-aaaa-aaaaaaaaaaaa,,550e8400-e29b-41d4-a716-446655440003
b5740e68-0642-4440-911e-bf68c5c67345,750e8400-e29b-41d4-a716-446655440002,Warm Wool/Duffle Coat 16,"Wool coat with soft lining, excellent heat retention, refined stitching, detachable hood. Suitable for early morning/cold night travel, structured fit flatters figure. High-quality material, tested for stretch and colorfastness after multiple washes.",Warm coat with structured fit,TOP-COAT-016,Tops,"{'"currency'": '"VND'", '"retailPrice'": 384000, '"listingPrice'": 324000}","{'"quantity'": 46}","{'"sizes'": ['"S'", '"M'", '"L'", '"XL'"], '"colors'": ['"black'", '"grey'", '"white'", '"beige'", '"navy blue'"], '"materials'": ['"cotton'", '"polyester'", '"wool'"], '"specifications'": {'"fit'": '"regular'", '"season'": '"winter'", '"material'": '"cotton/poly'"}}",PRODUCT_TYPE_PHYSICAL,PUBLISHED,APPROVED,"{shirt,'"keeps you warm'",breathable}",t,f,f,0.60,"{'"unit'": '"cm'", '"width'": 50, '"height'": 3, '"length'": 67}","{'"keywords'": ['"shirt'", '"jacket'", '"wool'", '"hoodie'"], '"metaTitle'": '"Quality shirts 16'", '"metaDescription'": '"Breathable, keeps you warm, easy to mix and match.'"}",2025-10-13 15:41:12.282244,2025-12-11 18:49:46.037288,2025-10-13 15:41:12.282244,aaaaaaaa-aaaa-aaaa-aaaa-aaaaaaaaaaaa,,550e8400-e29b-41d4-a716-446655440003
ef709680-8301-49f5-bda5-030d45f198c3,750e8400-e29b-41d4-a716-446655440002,Soft Cotton Shirt 18,"Lightweight twill-woven cotton shirt, quick moisture absorption, button-down collar maintains shape. Suitable for office and casual wear. High-quality material, tested for stretch and colorfastness after multiple washes.",Breathable cotton shirt,TOP-SHIRT-018,Tops,"{'"currency'": '"VND'", '"retailPrice'": 392000, '"listingPrice'": 332000}","{'"quantity'": 48}","{'"sizes'": ['"S'", '"M'", '"L'", '"XL'"], '"colors'": ['"black'", '"grey'", '"white'", '"beige'", '"navy blue'"], '"materials'": ['"cotton'", '"polyester'", '"wool'"], '"specifications'": {'"fit'": '"regular'", '"season'": '"spring/fall'", '"material'": '"cotton/poly'"}}",PRODUCT_TYPE_PHYSICAL,PUBLISHED,APPROVED,"{shirt,'"keeps you warm'",breathable}",t,f,f,0.40,"{'"unit'": '"cm'", '"width'": 50, '"height'": 3, '"length'": 65}","{'"keywords'": ['"shirt'", '"jacket'", '"wool'", '"hoodie'"], '"metaTitle'": '"Quality shirts 18'", '"metaDescription'": '"Breathable, keeps you warm, easy to mix and match.'"}",2025-10-13 15:41:12.282244,2025-12-11 18:55:19.44893,2025-10-13 15:41:12.282244,aaaaaaaa-aaaa-aaaa-aaaa-aaaaaaaaaaaa,,550e8400-e29b-41d4-a716-446655440003
1f10ce21-ba98-45f5-b911-1420491639d8,750e8400-e29b-41d4-a716-446655440002,Thick Cotton Chino Pants 01,"Medium-weight cotton chino pants, smooth surface, stable crease, convenient diagonal pockets. Pairs well with shirts/t-shirts. Carefully selected fibers, tested for shrinkage and colorfastness.",Structured chino pants,PANT-CHINO-001,Pants,"{'"currency'": '"VND'", '"retailPrice'": 293000, '"listingPrice'": 243000}","{'"quantity'": 26}","{'"sizes'": ['"28'", '"30'", '"32'", '"34'", '"36'"], '"colors'": ['"blue'", '"black'", '"grey'", '"beige'"], '"materials'": ['"cotton'", '"denim'", '"spandex'"], '"specifications'": {'"fit'": '"regular'", '"material'": '"cotton/denim'", '"thickness'": '"medium'"}}",PRODUCT_TYPE_PHYSICAL,PUBLISHED,APPROVED,"{pants,durable,breathable}",t,f,f,0.66,"{'"unit'": '"cm'", '"width'": 37, '"height'": 2, '"length'": 98}","{'"keywords'": ['"pants'", '"jeans'", '"kaki'", '"jogger'", '"shorts'"], '"metaTitle'": '"Quality Pants 01'", '"metaDescription'": '"Breathable, durable, easy to match'"}",2025-10-13 15:41:12.282244,2025-12-11 18:21:46.151695,2025-10-13 15:41:12.282244,aaaaaaaa-aaaa-aaaa-aaaa-aaaaaaaaaaaa,,550e8400-e29b-41d4-a716-446655440004
85421517-5bf0-485f-8d8f-ca1972b88b8e,750e8400-e29b-41d4-a716-446655440002,Warm Brushed Fleece Hoodie 15,"Brushed fleece hoodie with soft inner surface, warm and soft, drawstring hood, cuffed sleeves/hem retains heat. Suitable for strolling and travel. High-quality material, tested for stretch and colorfastness after multiple washes.",Warm and comfortable hoodie,TOP-HOOD-015,Tops,"{'"currency'": '"VND'", '"retailPrice'": 380000, '"listingPrice'": 320000}","{'"quantity'": 45}","{'"sizes'": ['"S'", '"M'", '"L'", '"XL'"], '"colors'": ['"black'", '"grey'", '"white'", '"beige'", '"navy blue'"], '"materials'": ['"cotton'", '"polyester'", '"wool'"], '"specifications'": {'"fit'": '"regular'", '"season'": '"winter'", '"material'": '"cotton/poly'"}}",PRODUCT_TYPE_PHYSICAL,PUBLISHED,APPROVED,"{shirt,'"keeps you warm'",breathable}",t,t,f,0.55,"{'"unit'": '"cm'", '"width'": 52, '"height'": 3, '"length'": 65}","{'"keywords'": ['"shirt'", '"jacket'", '"wool'", '"hoodie'"], '"metaTitle'": '"Quality shirts 15'", '"metaDescription'": '"Breathable, keeps you warm, easy to mix and match.'"}",2025-10-13 15:41:12.282244,2025-12-11 18:35:48.354949,2025-10-13 15:41:12.282244,aaaaaaaa-aaaa-aaaa-aaaa-aaaaaaaaaaaa,,550e8400-e29b-41d4-a716-446655440003
3653eda5-d489-4ce5-b036-87d5478afb1a,750e8400-e29b-41d4-a716-446655440002,Stretch Jogger Pants 06,"Elastic-cuffed jogger pants, stretchable cotton blend fabric, lightweight and breathable. Strong drawstring, suitable for active movement and frequent travel. Carefully selected fibers, tested for shrinkage and colorfastness.",Comfortable jogger pants,PANT-JOGG-006,Pants,"{'"currency'": '"VND'", '"retailPrice'": 308000, '"listingPrice'": 258000}","{'"quantity'": 31}","{'"sizes'": ['"28'", '"30'", '"32'", '"34'", '"36'"], '"colors'": ['"blue'", '"black'", '"grey'", '"beige'"], '"materials'": ['"cotton'", '"denim'", '"spandex'"], '"specifications'": {'"fit'": '"regular'", '"material'": '"cotton/denim'", '"thickness'": '"medium'"}}",PRODUCT_TYPE_PHYSICAL,PUBLISHED,APPROVED,"{pants,durable,breathable}",t,f,f,0.66,"{'"unit'": '"cm'", '"width'": 35, '"height'": 2, '"length'": 95}","{'"keywords'": ['"pants'", '"jeans'", '"kaki'", '"jogger'", '"shorts'"], '"metaTitle'": '"Quality Pants 06'", '"metaDescription'": '"Breathable, durable, easy to match'"}",2025-10-13 15:41:12.282244,2025-12-11 18:25:26.39569,2025-10-13 15:41:12.282244,aaaaaaaa-aaaa-aaaa-aaaa-aaaaaaaaaaaa,,550e8400-e29b-41d4-a716-446655440004
4ff6d9e2-0ecd-4f9f-ac98-cf4eef3c14e4,750e8400-e29b-41d4-a716-446655440002,Stretch Jogger Pants 02,"Elastic-cuffed jogger pants, stretchable cotton blend fabric, lightweight and breathable. Strong drawstring, suitable for active movement and frequent travel. Carefully selected fibers, tested for shrinkage and colorfastness.",Comfortable jogger pants,PANT-JOGG-002,Pants,"{'"currency'": '"VND'", '"retailPrice'": 296000, '"listingPrice'": 246000}","{'"quantity'": 27}","{'"sizes'": ['"28'", '"30'", '"32'", '"34'", '"36'"], '"colors'": ['"blue'", '"black'", '"grey'", '"beige'"], '"materials'": ['"cotton'", '"denim'", '"spandex'"], '"specifications'": {'"fit'": '"regular'", '"material'": '"cotton/denim'", '"thickness'": '"medium'"}}",PRODUCT_TYPE_PHYSICAL,PUBLISHED,APPROVED,"{pants,durable,breathable}",t,f,f,0.72,"{'"unit'": '"cm'", '"width'": 35, '"height'": 2, '"length'": 101}","{'"keywords'": ['"pants'", '"jeans'", '"kaki'", '"jogger'", '"shorts'"], '"metaTitle'": '"Quality Pants 02'", '"metaDescription'": '"Breathable, durable, easy to match'"}",2025-10-13 15:41:12.282244,2025-12-11 18:27:11.857385,2025-10-13 15:41:12.282244,aaaaaaaa-aaaa-aaaa-aaaa-aaaaaaaaaaaa,,550e8400-e29b-41d4-a716-446655440004
7efa9e83-e566-463b-a40c-ac830e1c29f4,750e8400-e29b-41d4-a716-446655440002,Thick Cotton Chino Pants 05,"Medium-weight cotton chino pants, smooth surface, stable crease, convenient diagonal pockets. Pairs well with shirts/t-shirts. Carefully selected fibers, tested for shrinkage and colorfastness.",Structured chino pants,PANT-CHINO-005,Pants,"{'"currency'": '"VND'", '"retailPrice'": 305000, '"listingPrice'": 255000}","{'"quantity'": 30}","{'"sizes'": ['"28'", '"30'", '"32'", '"34'", '"36'"], '"colors'": ['"blue'", '"black'", '"grey'", '"beige'"], '"materials'": ['"cotton'", '"denim'", '"spandex'"], '"specifications'": {'"fit'": '"regular'", '"material'": '"cotton/denim'", '"thickness'": '"medium'"}}",PRODUCT_TYPE_PHYSICAL,PUBLISHED,APPROVED,"{pants,durable,breathable}",t,f,f,0.60,"{'"unit'": '"cm'", '"width'": 37, '"height'": 2, '"length'": 101}","{'"keywords'": ['"pants'", '"jeans'", '"kaki'", '"jogger'", '"shorts'"], '"metaTitle'": '"Quality Pants 05'", '"metaDescription'": '"Breathable, durable, easy to match'"}",2025-10-13 15:41:12.282244,2025-12-11 18:36:43.690018,2025-10-13 15:41:12.282244,aaaaaaaa-aaaa-aaaa-aaaa-aaaaaaaaaaaa,,550e8400-e29b-41d4-a716-446655440004
b523867c-00ea-4499-a497-1ea8e81af08e,750e8400-e29b-41d4-a716-446655440002,Durable Denim Jeans 04,"Medium-weight denim jeans, slight stretch, slim-straight fit, colorfast after multiple washes. Standard length, suitable for work and casual wear. Carefully selected fibers, tested for shrinkage and colorfastness.",Durable jeans with great fit,PANT-JEANS-004,Pants,"{'"currency'": '"VND'", '"retailPrice'": 302000, '"listingPrice'": 252000}","{'"quantity'": 29}","{'"sizes'": ['"28'", '"30'", '"32'", '"34'", '"36'"], '"colors'": ['"blue'", '"black'", '"grey'", '"beige'"], '"materials'": ['"cotton'", '"denim'", '"spandex'"], '"specifications'": {'"fit'": '"regular'", '"material'": '"cotton/denim'", '"thickness'": '"thick'"}}",PRODUCT_TYPE_PHYSICAL,PUBLISHED,APPROVED,"{pants,durable,breathable}",t,t,f,0.84,"{'"unit'": '"cm'", '"width'": 35, '"height'": 2, '"length'": 98}","{'"keywords'": ['"pants'", '"jeans'", '"kaki'", '"jogger'", '"shorts'"], '"metaTitle'": '"Quality Pants 04'", '"metaDescription'": '"Breathable, durable, easy to match'"}",2025-10-13 15:41:12.282244,2025-12-11 18:44:22.563731,2025-10-13 15:41:12.282244,aaaaaaaa-aaaa-aaaa-aaaa-aaaaaaaaaaaa,,550e8400-e29b-41d4-a716-446655440004
f590881a-08ae-448f-8e09-536840e690a7,750e8400-e29b-41d4-a716-446655440002,Durable Denim Jeans 08,"Medium-weight denim jeans, slight stretch, slim-straight fit, colorfast after multiple washes. Standard length, suitable for work and casual wear. Carefully selected fibers, tested for shrinkage and colorfastness.",Durable jeans with great fit,PANT-JEANS-008,Pants,"{'"currency'": '"VND'", '"retailPrice'": 314000, '"listingPrice'": 264000}","{'"quantity'": 33}","{'"sizes'": ['"28'", '"30'", '"32'", '"34'", '"36'"], '"colors'": ['"blue'", '"black'", '"grey'", '"beige'"], '"materials'": ['"cotton'", '"denim'", '"spandex'"], '"specifications'": {'"fit'": '"regular'", '"material'": '"cotton/denim'", '"thickness'": '"thick'"}}",PRODUCT_TYPE_PHYSICAL,PUBLISHED,APPROVED,"{pants,durable,breathable}",t,t,f,0.78,"{'"unit'": '"cm'", '"width'": 35, '"height'": 2, '"length'": 101}","{'"keywords'": ['"pants'", '"jeans'", '"kaki'", '"jogger'", '"shorts'"], '"metaTitle'": '"Quality Pants 08'", '"metaDescription'": '"Breathable, durable, easy to match'"}",2025-10-13 15:41:12.282244,2025-12-11 18:44:44.664101,2025-10-13 15:41:12.282244,aaaaaaaa-aaaa-aaaa-aaaa-aaaaaaaaaaaa,,550e8400-e29b-41d4-a716-446655440004
db4d6a17-a200-450e-9b1c-8b2014759743,750e8400-e29b-41d4-a716-446655440002,Breathable Shorts 03,"Lightweight cotton/denim shorts, cool and breathable for summer, clean sharp stitching. Easy to pair with t-shirts or linen shirts. Carefully selected fibers, tested for shrinkage and colorfastness.",Lightweight breathable shorts,PANT-SHORT-003,Pants,"{'"currency'": '"VND'", '"retailPrice'": 299000, '"listingPrice'": 249000}","{'"quantity'": 28}","{'"sizes'": ['"28'", '"30'", '"32'", '"34'", '"36'"], '"colors'": ['"blue'", '"black'", '"grey'", '"beige'"], '"materials'": ['"cotton'", '"denim'", '"spandex'"], '"specifications'": {'"fit'": '"regular'", '"material'": '"cotton/denim'", '"thickness'": '"thin'"}}",PRODUCT_TYPE_PHYSICAL,PUBLISHED,APPROVED,"{pants,durable,breathable}",t,f,f,0.78,"{'"unit'": '"cm'", '"width'": 37, '"height'": 2, '"length'": 95}","{'"keywords'": ['"pants'", '"jeans'", '"kaki'", '"jogger'", '"shorts'"], '"metaTitle'": '"Quality Pants 03'", '"metaDescription'": '"Breathable, durable, easy to match'"}",2025-10-13 15:41:12.282244,2025-12-11 18:45:22.739881,2025-10-13 15:41:12.282244,aaaaaaaa-aaaa-aaaa-aaaa-aaaaaaaaaaaa,,550e8400-e29b-41d4-a716-446655440004
df5947f9-1b5e-4eeb-8d8b-0a37cde8b168,750e8400-e29b-41d4-a716-446655440002,ProRun Air Cushion Running Shoes 16,"Running shoes with multi-layer air cushion and responsive EVA midsole. Technical mesh upper is breathable and dries quickly during long runs. Stable TPU heel, flat laces prevent slipping. Suitable for daily training and 5K/10K races. Core specs: durable upper, strong stitching, snug ankle fit, all-day support.",Comfortable and breathable running shoes,SHOES-RUN-016,Shoes,"{'"currency'": '"VND'", '"retailPrice'": 880000, '"listingPrice'": 780000}","{'"quantity'": 36}","{'"sizes'": ['"39'", '"40'", '"41'", '"42'", '"43'"], '"colors'": ['"black'", '"white'", '"grey'", '"blue'"], '"materials'": ['"rubber'", '"EVA'", '"PU'"], '"specifications'": {'"drop'": '"8mm'", '"upper'": '"mesh'", '"midsole'": '"EVA + air cushion'", '"outsole'": '"wear-resistant rubber'"}}",PRODUCT_TYPE_PHYSICAL,PUBLISHED,APPROVED,"{shoes,comfortable,'"good grip'"}",t,f,f,0.65,"{'"unit'": '"cm'", '"width'": 19, '"height'": 11, '"length'": 31}","{'"keywords'": ['"shoes'", '"rubber sole'", '"comfortable'"], '"metaTitle'": '"Quality Shoes 16'", '"metaDescription'": '"Durable product for daily use'"}",2025-10-13 15:41:12.282244,2025-12-11 18:52:05.85665,2025-10-13 15:41:12.282244,aaaaaaaa-aaaa-aaaa-aaaa-aaaaaaaaaaaa,,550e8400-e29b-41d4-a716-446655440001
481fdbe7-269a-4c10-a1bc-0e6ce8728815,750e8400-e29b-41d4-a716-446655440002,Thick Cotton Chino Pants 09,"Medium-weight cotton chino pants, smooth surface, stable crease, convenient diagonal pockets. Pairs well with shirts/t-shirts. Carefully selected fibers, tested for shrinkage and colorfastness.",Structured chino pants,PANT-CHINO-009,Pants,"{'"currency'": '"VND'", '"retailPrice'": 317000, '"listingPrice'": 267000}","{'"quantity'": 34}","{'"sizes'": ['"28'", '"30'", '"32'", '"34'", '"36'"], '"colors'": ['"blue'", '"black'", '"grey'", '"beige'"], '"materials'": ['"cotton'", '"denim'", '"spandex'"], '"specifications'": {'"fit'": '"regular'", '"material'": '"cotton/denim'", '"thickness'": '"medium'"}}",PRODUCT_TYPE_PHYSICAL,PUBLISHED,APPROVED,"{pants,durable,breathable}",t,f,f,0.84,"{'"unit'": '"cm'", '"width'": 37, '"height'": 2, '"length'": 95}","{'"keywords'": ['"pants'", '"jeans'", '"kaki'", '"jogger'", '"shorts'"], '"metaTitle'": '"Quality Pants 09'", '"metaDescription'": '"Breathable, durable, easy to match'"}",2025-10-13 15:41:12.282244,2025-12-11 18:26:35.336242,2025-10-13 15:41:12.282244,aaaaaaaa-aaaa-aaaa-aaaa-aaaaaaaaaaaa,,550e8400-e29b-41d4-a716-446655440004
58970088-bd48-4fa9-bf4e-757c2baaac0a,750e8400-e29b-41d4-a716-446655440002,Breathable Shorts 15,"Lightweight cotton/denim shorts, cool and breathable for summer, clean sharp stitching. Easy to pair with t-shirts or linen shirts. Carefully selected fibers, tested for shrinkage and colorfastness.",Lightweight breathable shorts,PANT-SHORT-015,Pants,"{'"currency'": '"VND'", '"retailPrice'": 335000, '"listingPrice'": 285000}","{'"quantity'": 40}","{'"sizes'": ['"28'", '"30'", '"32'", '"34'", '"36'"], '"colors'": ['"blue'", '"black'", '"grey'", '"beige'"], '"materials'": ['"cotton'", '"denim'", '"spandex'"], '"specifications'": {'"fit'": '"regular'", '"material'": '"cotton/denim'", '"thickness'": '"thin'"}}",PRODUCT_TYPE_PHYSICAL,PUBLISHED,APPROVED,"{pants,durable,breathable}",t,f,f,0.60,"{'"unit'": '"cm'", '"width'": 37, '"height'": 2, '"length'": 95}","{'"keywords'": ['"pants'", '"jeans'", '"kaki'", '"jogger'", '"shorts'"], '"metaTitle'": '"Quality Pants 15'", '"metaDescription'": '"Breathable, durable, easy to match'"}",2025-10-13 15:41:12.282244,2025-12-11 18:27:58.510706,2025-10-13 15:41:12.282244,aaaaaaaa-aaaa-aaaa-aaaa-aaaaaaaaaaaa,,550e8400-e29b-41d4-a716-446655440004
affd2d58-6107-48af-8aaf-671fec6e65a5,750e8400-e29b-41d4-a716-446655440002,Durable Denim Jeans 12,"Medium-weight denim jeans, slight stretch, slim-straight fit, colorfast after multiple washes. Standard length, suitable for work and casual wear. Carefully selected fibers, tested for shrinkage and colorfastness.",Durable jeans with great fit,PANT-JEANS-012,Pants,"{'"currency'": '"VND'", '"retailPrice'": 326000, '"listingPrice'": 276000}","{'"quantity'": 37}","{'"sizes'": ['"28'", '"30'", '"32'", '"34'", '"36'"], '"colors'": ['"blue'", '"black'", '"grey'", '"beige'"], '"materials'": ['"cotton'", '"denim'", '"spandex'"], '"specifications'": {'"fit'": '"regular'", '"material'": '"cotton/denim'", '"thickness'": '"thick'"}}",PRODUCT_TYPE_PHYSICAL,PUBLISHED,APPROVED,"{pants,durable,breathable}",t,t,f,0.72,"{'"unit'": '"cm'", '"width'": 35, '"height'": 2, '"length'": 95}","{'"keywords'": ['"pants'", '"jeans'", '"kaki'", '"jogger'", '"shorts'"], '"metaTitle'": '"Quality Pants 12'", '"metaDescription'": '"Breathable, durable, easy to match'"}",2025-10-13 15:41:12.282244,2025-12-11 18:37:37.677364,2025-10-13 15:41:12.282244,aaaaaaaa-aaaa-aaaa-aaaa-aaaaaaaaaaaa,,550e8400-e29b-41d4-a716-446655440004
952c6d74-922a-4604-bd57-e4dd800ec63f,750e8400-e29b-41d4-a716-446655440002,Thick Cotton Chino Pants 13,"Medium-weight cotton chino pants, smooth surface, stable crease, convenient diagonal pockets. Pairs well with shirts/t-shirts. Carefully selected fibers, tested for shrinkage and colorfastness.",Structured chino pants,PANT-CHINO-013,Pants,"{'"currency'": '"VND'", '"retailPrice'": 329000, '"listingPrice'": 279000}","{'"quantity'": 38}","{'"sizes'": ['"28'", '"30'", '"32'", '"34'", '"36'"], '"colors'": ['"blue'", '"black'", '"grey'", '"beige'"], '"materials'": ['"cotton'", '"denim'", '"spandex'"], '"specifications'": {'"fit'": '"regular'", '"material'": '"cotton/denim'", '"thickness'": '"medium'"}}",PRODUCT_TYPE_PHYSICAL,PUBLISHED,APPROVED,"{pants,durable,breathable}",t,f,f,0.78,"{'"unit'": '"cm'", '"width'": 37, '"height'": 2, '"length'": 98}","{'"keywords'": ['"pants'", '"jeans'", '"kaki'", '"jogger'", '"shorts'"], '"metaTitle'": '"Quality Pants 13'", '"metaDescription'": '"Breathable, durable, easy to match'"}",2025-10-13 15:41:12.282244,2025-12-11 18:40:14.59021,2025-10-13 15:41:12.282244,aaaaaaaa-aaaa-aaaa-aaaa-aaaaaaaaaaaa,,550e8400-e29b-41d4-a716-446655440004
a8562229-71c1-45c2-87d6-b15dfbd3acce,750e8400-e29b-41d4-a716-446655440002,Breathable Shorts 11,"Lightweight cotton/denim shorts, cool and breathable for summer, clean sharp stitching. Easy to pair with t-shirts or linen shirts. Carefully selected fibers, tested for shrinkage and colorfastness.",Lightweight breathable shorts,PANT-SHORT-011,Pants,"{'"currency'": '"VND'", '"retailPrice'": 323000, '"listingPrice'": 273000}","{'"quantity'": 36}","{'"sizes'": ['"28'", '"30'", '"32'", '"34'", '"36'"], '"colors'": ['"blue'", '"black'", '"grey'", '"beige'"], '"materials'": ['"cotton'", '"denim'", '"spandex'"], '"specifications'": {'"fit'": '"regular'", '"material'": '"cotton/denim'", '"thickness'": '"thin'"}}",PRODUCT_TYPE_PHYSICAL,PUBLISHED,APPROVED,"{pants,durable,breathable}",t,f,f,0.66,"{'"unit'": '"cm'", '"width'": 37, '"height'": 2, '"length'": 101}","{'"keywords'": ['"pants'", '"jeans'", '"kaki'", '"jogger'", '"shorts'"], '"metaTitle'": '"Quality Pants 11'", '"metaDescription'": '"Breathable, durable, easy to match'"}",2025-10-13 15:41:12.282244,2025-12-11 18:45:05.121237,2025-10-13 15:41:12.282244,aaaaaaaa-aaaa-aaaa-aaaa-aaaaaaaaaaaa,,550e8400-e29b-41d4-a716-446655440004
08a9b005-0081-4513-9981-fa2df96ae3c4,750e8400-e29b-41d4-a716-446655440002,Durable Denim Jeans 20,"Medium-weight denim jeans, slight stretch, slim-straight fit, colorfast after multiple washes. Standard length, suitable for work and casual wear. Carefully selected fibers, tested for shrinkage and colorfastness.",Durable jeans with great fit,PANT-JEANS-020,Pants,"{'"currency'": '"VND'", '"retailPrice'": 350000, '"listingPrice'": 300000}","{'"quantity'": 45}","{'"sizes'": ['"28'", '"30'", '"32'", '"34'", '"36'"], '"colors'": ['"blue'", '"black'", '"grey'", '"beige'"], '"materials'": ['"cotton'", '"denim'", '"spandex'"], '"specifications'": {'"fit'": '"regular'", '"material'": '"cotton/denim'", '"thickness'": '"thick'"}}",PRODUCT_TYPE_PHYSICAL,PUBLISHED,APPROVED,"{pants,durable,breathable}",t,t,f,0.60,"{'"unit'": '"cm'", '"width'": 35, '"height'": 2, '"length'": 101}","{'"keywords'": ['"pants'", '"jeans'", '"kaki'", '"jogger'", '"shorts'"], '"metaTitle'": '"Quality Pants 20'", '"metaDescription'": '"Breathable, durable, easy to match'"}",2025-10-13 15:41:12.282244,2025-12-11 18:21:54.243804,2025-10-13 15:41:12.282244,aaaaaaaa-aaaa-aaaa-aaaa-aaaaaaaaaaaa,,550e8400-e29b-41d4-a716-446655440004
0ad215bc-0c04-4698-ba23-bc8f27bb6ec6,750e8400-e29b-41d4-a716-446655440002,Waterproof TrailGuard Hiking Boots 19,"Mid-cut hiking boots, breathable waterproof membrane, rubber toe cap prevents stone impact. Deep tread grips well on wet terrain, gravel, weekend trekking. Core specs: durable upper, strong stitching, snug ankle fit, all-day support.",Waterproof hiking boots with good grip,SHOES-HIKE-019,Shoes,"{'"currency'": '"VND'", '"retailPrice'": 895000, '"listingPrice'": 795000}","{'"quantity'": 39}","{'"sizes'": ['"39'", '"40'", '"41'", '"42'", '"43'"], '"colors'": ['"black'", '"white'", '"grey'", '"blue'"], '"materials'": ['"rubber'", '"EVA'", '"PU'"], '"specifications'": {'"drop'": '"10mm'", '"upper'": '"synthetic + textile'", '"midsole'": '"EVA'", '"outsole'": '"wear-resistant rubber'"}}",PRODUCT_TYPE_PHYSICAL,PUBLISHED,APPROVED,"{shoes,comfortable,'"good grip'"}",t,f,f,0.80,"{'"unit'": '"cm'", '"width'": 20, '"height'": 12, '"length'": 31}","{'"keywords'": ['"shoes'", '"rubber sole'", '"comfortable'"], '"metaTitle'": '"Quality Shoes 19'", '"metaDescription'": '"Durable product for daily use'"}",2025-10-13 15:41:12.282244,2025-12-11 18:22:03.395472,2025-10-13 15:41:12.282244,aaaaaaaa-aaaa-aaaa-aaaa-aaaaaaaaaaaa,,550e8400-e29b-41d4-a716-446655440001
1f918b65-3858-4db9-907f-a9b40dcbda27,750e8400-e29b-41d4-a716-446655440002,Stretch Jogger Pants 18,"Elastic-cuffed jogger pants, stretchable cotton blend fabric, lightweight and breathable. Strong drawstring, suitable for active movement and frequent travel. Carefully selected fibers, tested for shrinkage and colorfastness.",Comfortable jogger pants,PANT-JOGG-018,Pants,"{'"currency'": '"VND'", '"retailPrice'": 344000, '"listingPrice'": 294000}","{'"quantity'": 43}","{'"sizes'": ['"28'", '"30'", '"32'", '"34'", '"36'"], '"colors'": ['"blue'", '"black'", '"grey'", '"beige'"], '"materials'": ['"cotton'", '"denim'", '"spandex'"], '"specifications'": {'"fit'": '"regular'", '"material'": '"cotton/denim'", '"thickness'": '"medium'"}}",PRODUCT_TYPE_PHYSICAL,PUBLISHED,APPROVED,"{pants,durable,breathable}",t,f,f,0.78,"{'"unit'": '"cm'", '"width'": 35, '"height'": 2, '"length'": 95}","{'"keywords'": ['"pants'", '"jeans'", '"kaki'", '"jogger'", '"shorts'"], '"metaTitle'": '"Quality Pants 18'", '"metaDescription'": '"Breathable, durable, easy to match'"}",2025-10-13 15:41:12.282244,2025-12-11 18:22:14.937058,2025-10-13 15:41:12.282244,aaaaaaaa-aaaa-aaaa-aaaa-aaaaaaaaaaaa,,550e8400-e29b-41d4-a716-446655440004
33a47a28-9dbe-452e-931f-419a3c92d86f,750e8400-e29b-41d4-a716-446655440002,Durable Denim Jeans 16,"Medium-weight denim jeans, slight stretch, slim-straight fit, colorfast after multiple washes. Standard length, suitable for work and casual wear. Carefully selected fibers, tested for shrinkage and colorfastness.",Durable jeans with great fit,PANT-JEANS-016,Pants,"{'"currency'": '"VND'", '"retailPrice'": 338000, '"listingPrice'": 288000}","{'"quantity'": 41}","{'"sizes'": ['"28'", '"30'", '"32'", '"34'", '"36'"], '"colors'": ['"blue'", '"black'", '"grey'", '"beige'"], '"materials'": ['"cotton'", '"denim'", '"spandex'"], '"specifications'": {'"fit'": '"regular'", '"material'": '"cotton/denim'", '"thickness'": '"thick'"}}",PRODUCT_TYPE_PHYSICAL,PUBLISHED,APPROVED,"{pants,durable,breathable}",t,t,f,0.66,"{'"unit'": '"cm'", '"width'": 35, '"height'": 2, '"length'": 98}","{'"keywords'": ['"pants'", '"jeans'", '"kaki'", '"jogger'", '"shorts'"], '"metaTitle'": '"Quality Pants 16'", '"metaDescription'": '"Breathable, durable, easy to match'"}",2025-10-13 15:41:12.282244,2025-12-11 18:22:26.875343,2025-10-13 15:41:12.282244,aaaaaaaa-aaaa-aaaa-aaaa-aaaaaaaaaaaa,,550e8400-e29b-41d4-a716-446655440004
8092d1d7-277d-4cd8-9d52-8300b8213dac,750e8400-e29b-41d4-a716-446655440002,Breathable Shorts 19,"Lightweight cotton/denim shorts, cool and breathable for summer, clean sharp stitching. Easy to pair with t-shirts or linen shirts. Carefully selected fibers, tested for shrinkage and colorfastness.",Lightweight breathable shorts,PANT-SHORT-019,Pants,"{'"currency'": '"VND'", '"retailPrice'": 347000, '"listingPrice'": 297000}","{'"quantity'": 44}","{'"sizes'": ['"28'", '"30'", '"32'", '"34'", '"36'"], '"colors'": ['"blue'", '"black'", '"grey'", '"beige'"], '"materials'": ['"cotton'", '"denim'", '"spandex'"], '"specifications'": {'"fit'": '"regular'", '"material'": '"cotton/denim'", '"thickness'": '"thin'"}}",PRODUCT_TYPE_PHYSICAL,PUBLISHED,APPROVED,"{pants,durable,breathable}",t,f,f,0.84,"{'"unit'": '"cm'", '"width'": 37, '"height'": 2, '"length'": 98}","{'"keywords'": ['"pants'", '"jeans'", '"kaki'", '"jogger'", '"shorts'"], '"metaTitle'": '"Quality Pants 19'", '"metaDescription'": '"Breathable, durable, easy to match'"}",2025-10-13 15:41:12.282244,2025-12-11 18:36:11.98973,2025-10-13 15:41:12.282244,aaaaaaaa-aaaa-aaaa-aaaa-aaaaaaaaaaaa,,550e8400-e29b-41d4-a716-446655440004
c38b1cd6-daa0-40e7-a157-dddaf03b8c15,750e8400-e29b-41d4-a716-446655440002,Thick Cotton Chino Pants 17,"Medium-weight cotton chino pants, smooth surface, stable crease, convenient diagonal pockets. Pairs well with shirts/t-shirts. Carefully selected fibers, tested for shrinkage and colorfastness.",Structured chino pants,PANT-CHINO-017,Pants,"{'"currency'": '"VND'", '"retailPrice'": 341000, '"listingPrice'": 291000}","{'"quantity'": 42}","{'"sizes'": ['"28'", '"30'", '"32'", '"34'", '"36'"], '"colors'": ['"blue'", '"black'", '"grey'", '"beige'"], '"materials'": ['"cotton'", '"denim'", '"spandex'"], '"specifications'": {'"fit'": '"regular'", '"material'": '"cotton/denim'", '"thickness'": '"medium'"}}",PRODUCT_TYPE_PHYSICAL,PUBLISHED,APPROVED,"{pants,durable,breathable}",t,f,f,0.72,"{'"unit'": '"cm'", '"width'": 37, '"height'": 2, '"length'": 101}","{'"keywords'": ['"pants'", '"jeans'", '"kaki'", '"jogger'", '"shorts'"], '"metaTitle'": '"Quality Pants 17'", '"metaDescription'": '"Breathable, durable, easy to match'"}",2025-10-13 15:41:12.282244,2025-12-11 18:40:42.664266,2025-10-13 15:41:12.282244,aaaaaaaa-aaaa-aaaa-aaaa-aaaaaaaaaaaa,,550e8400-e29b-41d4-a716-446655440004
ed912807-c8dd-4fc6-8bd6-3ce08e8e036e,750e8400-e29b-41d4-a716-446655440002,Soft turtleneck sweater 05,"Stretchable cotton blend turtleneck sweater. Keeps your neck and chest warm. Smooth surface with minimal pilling. Easy to pair with blazers/jackets. High-quality material, tested for stretch and colorfastness after multiple washes.",Soft turtleneck sweater,TOP-SWEA-005,Tops,"{'"currency'": '"VND'", '"retailPrice'": 340000, '"listingPrice'": 280000}","{'"quantity'": 35}","{'"sizes'": ['"S'", '"M'", '"L'", '"XL'"], '"colors'": ['"black'", '"grey'", '"white'", '"beige'", '"navy blue'"], '"materials'": ['"cotton'", '"polyester'", '"wool'"], '"specifications'": {'"fit'": '"regular'", '"season'": '"winter'", '"material'": '"cotton/poly'"}}",PRODUCT_TYPE_PHYSICAL,PUBLISHED,APPROVED,"{shirt,'"keeps you warm'",breathable}",t,t,f,0.65,"{'"unit'": '"cm'", '"width'": 52, '"height'": 3, '"length'": 69}","{'"keywords'": ['"shirt'", '"jacket'", '"wool'", '"hoodie'"], '"metaTitle'": '"Quality shirts 05'", '"metaDescription'": '"Breathable, keeps you warm, easy to mix and match.'"}",2025-10-13 15:41:12.282244,2025-12-11 18:52:42.424377,2025-10-13 15:41:12.282244,aaaaaaaa-aaaa-aaaa-aaaa-aaaaaaaaaaaa,,550e8400-e29b-41d4-a716-446655440003
baea05ae-2ad6-4e69-9af5-b9da06eca3f9,750e8400-e29b-41d4-a716-446655440002,Soft turtleneck sweater 09,"Stretchable cotton blend turtleneck sweater. Keeps your neck and chest warm. Smooth surface with minimal pilling. Easy to pair with blazers/jackets. High-quality material, tested for stretch and colorfastness after multiple washes.",Soft turtleneck sweater,TOP-SWEA-009,Tops,"{'"currency'": '"VND'", '"retailPrice'": 356000, '"listingPrice'": 296000}","{'"quantity'": 39}","{'"sizes'": ['"S'", '"M'", '"L'", '"XL'"], '"colors'": ['"black'", '"grey'", '"white'", '"beige'", '"navy blue'"], '"materials'": ['"cotton'", '"polyester'", '"wool'"], '"specifications'": {'"fit'": '"regular'", '"season'": '"winter'", '"material'": '"cotton/poly'"}}",PRODUCT_TYPE_PHYSICAL,PUBLISHED,APPROVED,"{shirt,'"keeps you warm'",breathable}",t,f,f,0.55,"{'"unit'": '"cm'", '"width'": 52, '"height'": 3, '"length'": 65}","{'"keywords'": ['"shirt'", '"jacket'", '"wool'", '"hoodie'"], '"metaTitle'": '"Quality shirts 09'", '"metaDescription'": '"Breathable, keeps you warm, easy to mix and match.'"}",2025-10-13 15:41:12.282244,2025-12-11 18:52:58.618868,2025-10-13 15:41:12.282244,aaaaaaaa-aaaa-aaaa-aaaa-aaaaaaaaaaaa,,550e8400-e29b-41d4-a716-446655440003
224d1eb8-cb07-4b9f-8ab4-5f7daa4bc895,750e8400-e29b-41d4-a716-446655440002,Classic Fit Cap 12,"Curved brim cap provides good sun protection, thick twill fabric resists wrinkles, absorbs sweat. Metal snap closure at back is easy to adjust, subtle embroidered logo, suitable for light running and daily wear. Durable material, meticulous stitching, design emphasizes functionality and aesthetics.",Curved brim cap with embroidered logo,HAT-CAP-012,Hats & Caps,"{'"currency'": '"VND'", '"retailPrice'": 204000, '"listingPrice'": 164000}","{'"quantity'": 52}","{'"sizes'": ['"free size'", '"M'", '"L'"], '"colors'": ['"black'", '"beige'", '"sage green'", '"grey'"], '"materials'": ['"cotton'", '"acrylic'", '"wool felt'"], '"specifications'": {'"care'": '"gentle hand wash'", '"fabric'": '"cotton/wool'", '"feature'": '"breathable/warm'"}}",PRODUCT_TYPE_PHYSICAL,PUBLISHED,APPROVED,"{hat,'"sun protection'",warm}",t,t,f,0.12,"{'"unit'": '"cm'", '"width'": 22, '"height'": 12, '"length'": 22}","{'"keywords'": ['"hat'", '"mũ'", '"thời trang'"], '"metaTitle'": '"Quality Hats 12'", '"metaDescription'": '"Durable, lightweight, breathable'"}",2025-10-13 15:41:12.282244,2025-12-11 18:20:25.477338,2025-10-13 15:41:12.282244,aaaaaaaa-aaaa-aaaa-aaaa-aaaaaaaaaaaa,,550e8400-e29b-41d4-a716-446655440002
192d1df8-3dd1-40ab-929e-da11f2f97119,750e8400-e29b-41d4-a716-446655440002,Classic Felt Fedora Hat 03,"Soft felt fedora hat, medium brim maintains shape, elegant satin ribbon band. Sweatband absorbs moisture, comfortable to wear, suitable for strolling and events. Durable material, meticulous stitching, design emphasizes functionality and aesthetics.",Elegant felt fedora hat,HAT-FEDO-003,Hats & Caps,"{'"currency'": '"VND'", '"retailPrice'": 186000, '"listingPrice'": 146000}","{'"quantity'": 43}","{'"sizes'": ['"free size'", '"M'", '"L'"], '"colors'": ['"black'", '"beige'", '"sage green'", '"grey'"], '"materials'": ['"cotton'", '"acrylic'", '"wool felt'"], '"specifications'": {'"care'": '"gentle hand wash'", '"fabric'": '"cotton/wool'", '"feature'": '"breathable/warm'"}}",PRODUCT_TYPE_PHYSICAL,PUBLISHED,APPROVED,"{hat,'"sun protection'",warm}",t,f,f,0.18,"{'"unit'": '"cm'", '"width'": 22, '"height'": 12, '"length'": 22}","{'"keywords'": ['"hat'", '"mũ'", '"thời trang'"], '"metaTitle'": '"Quality Hats 03'", '"metaDescription'": '"Durable, lightweight, breathable'"}",2025-10-13 15:41:12.282244,2025-12-11 18:21:37.324112,2025-10-13 15:41:12.282244,aaaaaaaa-aaaa-aaaa-aaaa-aaaaaaaaaaaa,,550e8400-e29b-41d4-a716-446655440002
2b003739-b4fa-4c1f-8098-fc9ac0a70383,750e8400-e29b-41d4-a716-446655440002,Classic Street Sneakers 17,"Minimalist style sneakers, PU leather upper is easy to clean, memory foam insole is comfortable, vulcanized rubber sole grips well. Easy to pair with jeans, chinos, or shorts for work or casual wear. Core specs: durable upper, strong stitching, snug ankle fit, all-day support.","Minimalist sneakers, easy to match",SHOES-LIFE-017,Shoes,"{'"currency'": '"VND'", '"retailPrice'": 885000, '"listingPrice'": 785000}","{'"quantity'": 37}","{'"sizes'": ['"39'", '"40'", '"41'", '"42'", '"43'"], '"colors'": ['"black'", '"white'", '"grey'", '"blue'"], '"materials'": ['"rubber'", '"EVA'", '"PU'"], '"specifications'": {'"drop'": '"10mm'", '"upper'": '"PU leather'", '"midsole'": '"memory foam'", '"outsole'": '"wear-resistant rubber'"}}",PRODUCT_TYPE_PHYSICAL,PUBLISHED,APPROVED,"{shoes,comfortable,'"good grip'"}",t,f,f,0.70,"{'"unit'": '"cm'", '"width'": 20, '"height'": 12, '"length'": 32}","{'"keywords'": ['"shoes'", '"rubber sole'", '"comfortable'"], '"metaTitle'": '"Quality Shoes 17'", '"metaDescription'": '"Durable product for daily use'"}",2025-10-13 15:41:12.282244,2025-12-11 18:39:35.779029,2025-10-13 15:41:12.282244,aaaaaaaa-aaaa-aaaa-aaaa-aaaaaaaaaaaa,,550e8400-e29b-41d4-a716-446655440001
edbd7748-fa17-4f18-a0c8-a5cd669aa943,750e8400-e29b-41d4-a716-446655440002,Warm Brushed Fleece Hoodie 19,"Brushed fleece hoodie with soft inner surface, warm and soft, drawstring hood, cuffed sleeves/hem retains heat. Suitable for strolling and travel. High-quality material, tested for stretch and colorfastness after multiple washes.",Warm and comfortable hoodie,TOP-HOOD-019,Tops,"{'"currency'": '"VND'", '"retailPrice'": 396000, '"listingPrice'": 336000}","{'"quantity'": 49}","{'"sizes'": ['"S'", '"M'", '"L'", '"XL'"], '"colors'": ['"black'", '"grey'", '"white'", '"beige'", '"navy blue'"], '"materials'": ['"cotton'", '"polyester'", '"wool'"], '"specifications'": {'"fit'": '"regular'", '"season'": '"winter'", '"material'": '"cotton/poly'"}}",PRODUCT_TYPE_PHYSICAL,PUBLISHED,APPROVED,"{shirt,'"keeps you warm'",breathable}",t,f,f,0.45,"{'"unit'": '"cm'", '"width'": 52, '"height'": 3, '"length'": 67}","{'"keywords'": ['"shirt'", '"jacket'", '"wool'", '"hoodie'"], '"metaTitle'": '"Quality shirts 19'", '"metaDescription'": '"Breathable, keeps you warm, easy to mix and match.'"}",2025-10-13 15:41:12.282244,2025-12-11 18:53:50.662072,2025-10-13 15:41:12.282244,aaaaaaaa-aaaa-aaaa-aaaa-aaaaaaaaaaaa,,550e8400-e29b-41d4-a716-446655440003
edc79e5d-5cc8-4bda-81c2-ef2100061e07,750e8400-e29b-41d4-a716-446655440002,Stretch Jogger Pants 10,"Elastic-cuffed jogger pants, stretchable cotton blend fabric, lightweight and breathable. Strong drawstring, suitable for active movement and frequent travel. Carefully selected fibers, tested for shrinkage and colorfastness.",Comfortable jogger pants,PANT-JOGG-010,Pants,"{'"currency'": '"VND'", '"retailPrice'": 320000, '"listingPrice'": 270000}","{'"quantity'": 35}","{'"sizes'": ['"28'", '"30'", '"32'", '"34'", '"36'"], '"colors'": ['"blue'", '"black'", '"grey'", '"beige'"], '"materials'": ['"cotton'", '"denim'", '"spandex'"], '"specifications'": {'"fit'": '"regular'", '"material'": '"cotton/denim'", '"thickness'": '"medium'"}}",PRODUCT_TYPE_PHYSICAL,PUBLISHED,APPROVED,"{pants,durable,breathable}",t,f,f,0.60,"{'"unit'": '"cm'", '"width'": 35, '"height'": 2, '"length'": 98}","{'"keywords'": ['"pants'", '"jeans'", '"kaki'", '"jogger'", '"shorts'"], '"metaTitle'": '"Quality Pants 10'", '"metaDescription'": '"Breathable, durable, easy to match'"}",2025-10-13 15:41:12.282244,2025-12-11 18:54:25.129484,2025-10-13 15:41:12.282244,aaaaaaaa-aaaa-aaaa-aaaa-aaaaaaaaaaaa,,550e8400-e29b-41d4-a716-446655440004
30c59324-e03e-4fd6-a873-0f2fa4bf3895,750e8400-e29b-41d4-a716-446655440002,Formal Oxford Leather Shoes 10,"Oxford cap-toe formal shoes, fine grain PU leather, elegant structured form. Breathable microfiber lining, anti-slip synthetic rubber sole, suitable for office and events. Core specs: durable upper, strong stitching, snug ankle fit, all-day support.",Elegant formal shoes,SHOES-OXF-010,Shoes,"{'"currency'": '"VND'", '"retailPrice'": 850000, '"listingPrice'": 750000}","{'"quantity'": 30}","{'"sizes'": ['"39'", '"40'", '"41'", '"42'", '"43'"], '"colors'": ['"black'", '"white'", '"grey'", '"blue'"], '"materials'": ['"rubber'", '"EVA'", '"PU'"], '"specifications'": {'"drop'": '"10mm'", '"upper'": '"fine grain PU leather'", '"midsole'": '"foam'", '"outsole'": '"wear-resistant rubber'"}}",PRODUCT_TYPE_PHYSICAL,PUBLISHED,APPROVED,"{shoes,comfortable,'"good grip'"}",t,f,f,0.60,"{'"unit'": '"cm'", '"width'": 19, '"height'": 11, '"length'": 31}","{'"keywords'": ['"shoes'", '"rubber sole'", '"comfortable'"], '"metaTitle'": '"Quality Shoes 10'", '"metaDescription'": '"Durable product for daily use'"}",2025-10-13 15:41:12.282244,2025-12-11 18:22:57.357695,2025-10-13 15:41:12.282244,aaaaaaaa-aaaa-aaaa-aaaa-aaaaaaaaaaaa,,550e8400-e29b-41d4-a716-446655440001
3c886c1b-b4e5-4847-8910-8321ca6eb7a5,750e8400-e29b-41d4-a716-446655440002,Classic Fit Cap 08,"Curved brim cap provides good sun protection, thick twill fabric resists wrinkles, absorbs sweat. Metal snap closure at back is easy to adjust, subtle embroidered logo, suitable for light running and daily wear. Durable material, meticulous stitching, design emphasizes functionality and aesthetics.",Curved brim cap with embroidered logo,HAT-CAP-008,Hats & Caps,"{'"currency'": '"VND'", '"retailPrice'": 196000, '"listingPrice'": 156000}","{'"quantity'": 48}","{'"sizes'": ['"free size'", '"M'", '"L'"], '"colors'": ['"black'", '"beige'", '"sage green'", '"grey'"], '"materials'": ['"cotton'", '"acrylic'", '"wool felt'"], '"specifications'": {'"care'": '"gentle hand wash'", '"fabric'": '"cotton/wool'", '"feature'": '"breathable/warm'"}}",PRODUCT_TYPE_PHYSICAL,PUBLISHED,APPROVED,"{hat,'"sun protection'",warm}",t,f,f,0.12,"{'"unit'": '"cm'", '"width'": 22, '"height'": 12, '"length'": 22}","{'"keywords'": ['"hat'", '"mũ'", '"thời trang'"], '"metaTitle'": '"Quality Hats 08'", '"metaDescription'": '"Durable, lightweight, breathable'"}",2025-10-13 15:41:12.282244,2025-12-11 18:24:20.049352,2025-10-13 15:41:12.282244,aaaaaaaa-aaaa-aaaa-aaaa-aaaaaaaaaaaa,,550e8400-e29b-41d4-a716-446655440002
38481bc9-a938-417d-887e-8ec193612b35,750e8400-e29b-41d4-a716-446655440002,Daily Bucket Hat 05,"Soft canvas bucket hat, ventilation holes around, folds compactly for easy carrying. Medium wide brim, strong stitching maintains shape, minimalist style easy to match. Durable material, meticulous stitching, design emphasizes functionality and aesthetics.",Foldable canvas bucket hat,HAT-BUCK-005,Hats & Caps,"{'"currency'": '"VND'", '"retailPrice'": 190000, '"listingPrice'": 150000}","{'"quantity'": 45}","{'"sizes'": ['"free size'", '"M'", '"L'"], '"colors'": ['"black'", '"beige'", '"sage green'", '"grey'"], '"materials'": ['"cotton'", '"acrylic'", '"wool felt'"], '"specifications'": {'"care'": '"gentle hand wash'", '"fabric'": '"cotton/wool'", '"feature'": '"breathable/warm'"}}",PRODUCT_TYPE_PHYSICAL,PUBLISHED,APPROVED,"{hat,'"sun protection'",warm}",t,f,f,0.14,"{'"unit'": '"cm'", '"width'": 22, '"height'": 12, '"length'": 22}","{'"keywords'": ['"hat'", '"mũ'", '"thời trang'"], '"metaTitle'": '"Quality Hats 05'", '"metaDescription'": '"Durable, lightweight, breathable'"}",2025-10-13 15:41:12.282244,2025-12-11 18:25:06.864078,2025-10-13 15:41:12.282244,aaaaaaaa-aaaa-aaaa-aaaa-aaaaaaaaaaaa,,550e8400-e29b-41d4-a716-446655440002
492ba088-1919-4552-a286-777a4aa9254b,750e8400-e29b-41d4-a716-446655440002,Classic Street Sneakers 05,"Minimalist style sneakers, PU leather upper is easy to clean, memory foam insole is comfortable, vulcanized rubber sole grips well. Easy to pair with jeans, chinos, or shorts for work or casual wear. Core specs: durable upper, strong stitching, snug ankle fit, all-day support.","Minimalist sneakers, easy to match",SHOES-LIFE-005,Shoes,"{'"currency'": '"VND'", '"retailPrice'": 825000, '"listingPrice'": 725000}","{'"quantity'": 25}","{'"sizes'": ['"39'", '"40'", '"41'", '"42'", '"43'"], '"colors'": ['"black'", '"white'", '"grey'", '"blue'"], '"materials'": ['"rubber'", '"EVA'", '"PU'"], '"specifications'": {'"drop'": '"10mm'", '"upper'": '"PU leather'", '"midsole'": '"memory foam'", '"outsole'": '"wear-resistant rubber'"}}",PRODUCT_TYPE_PHYSICAL,PUBLISHED,APPROVED,"{shoes,comfortable,'"good grip'"}",t,f,f,0.60,"{'"unit'": '"cm'", '"width'": 20, '"height'": 12, '"length'": 32}","{'"keywords'": ['"shoes'", '"rubber sole'", '"comfortable'"], '"metaTitle'": '"Quality Shoes 05'", '"metaDescription'": '"Durable product for daily use'"}",2025-10-13 15:41:12.282244,2025-12-11 18:25:59.072769,2025-10-13 15:41:12.282244,aaaaaaaa-aaaa-aaaa-aaaa-aaaaaaaaaaaa,,550e8400-e29b-41d4-a716-446655440001
4a994197-94fa-4e72-84d0-d0df1691c7e8,750e8400-e29b-41d4-a716-446655440002,Daily Bucket Hat 13,"Soft canvas bucket hat, ventilation holes around, folds compactly for easy carrying. Medium wide brim, strong stitching maintains shape, minimalist style easy to match. Durable material, meticulous stitching, design emphasizes functionality and aesthetics.",Foldable canvas bucket hat,HAT-BUCK-013,Hats & Caps,"{'"currency'": '"VND'", '"retailPrice'": 206000, '"listingPrice'": 166000}","{'"quantity'": 53}","{'"sizes'": ['"free size'", '"M'", '"L'"], '"colors'": ['"black'", '"beige'", '"sage green'", '"grey'"], '"materials'": ['"cotton'", '"acrylic'", '"wool felt'"], '"specifications'": {'"care'": '"gentle hand wash'", '"fabric'": '"cotton/wool'", '"feature'": '"breathable/warm'"}}",PRODUCT_TYPE_PHYSICAL,PUBLISHED,APPROVED,"{hat,'"sun protection'",warm}",t,f,f,0.14,"{'"unit'": '"cm'", '"width'": 22, '"height'": 12, '"length'": 22}","{'"keywords'": ['"hat'", '"mũ'", '"thời trang'"], '"metaTitle'": '"Quality Hats 13'", '"metaDescription'": '"Durable, lightweight, breathable'"}",2025-10-13 15:41:12.282244,2025-12-11 18:26:58.640487,2025-10-13 15:41:12.282244,aaaaaaaa-aaaa-aaaa-aaaa-aaaaaaaaaaaa,,550e8400-e29b-41d4-a716-446655440002
73ad67e2-bcf3-46d0-9f51-a453998707ff,750e8400-e29b-41d4-a716-446655440002,Daily Bucket Hat 09,"Soft canvas bucket hat, ventilation holes around, folds compactly for easy carrying. Medium wide brim, strong stitching maintains shape, minimalist style easy to match. Durable material, meticulous stitching, design emphasizes functionality and aesthetics.",Foldable canvas bucket hat,HAT-BUCK-009,Hats & Caps,"{'"currency'": '"VND'", '"retailPrice'": 198000, '"listingPrice'": 158000}","{'"quantity'": 49}","{'"sizes'": ['"free size'", '"M'", '"L'"], '"colors'": ['"black'", '"beige'", '"sage green'", '"grey'"], '"materials'": ['"cotton'", '"acrylic'", '"wool felt'"], '"specifications'": {'"care'": '"gentle hand wash'", '"fabric'": '"cotton/wool'", '"feature'": '"breathable/warm'"}}",PRODUCT_TYPE_PHYSICAL,PUBLISHED,APPROVED,"{hat,'"sun protection'",warm}",t,f,f,0.14,"{'"unit'": '"cm'", '"width'": 22, '"height'": 12, '"length'": 22}","{'"keywords'": ['"hat'", '"mũ'", '"thời trang'"], '"metaTitle'": '"Quality Hats 09'", '"metaDescription'": '"Durable, lightweight, breathable'"}",2025-10-13 15:41:12.282244,2025-12-11 18:27:42.186549,2025-10-13 15:41:12.282244,aaaaaaaa-aaaa-aaaa-aaaa-aaaaaaaaaaaa,,550e8400-e29b-41d4-a716-446655440002
778e92db-9253-4645-a89e-5996c8e6b92b,750e8400-e29b-41d4-a716-446655440002,ProRun Air Cushion Running Shoes 04,"Running shoes with multi-layer air cushion and responsive EVA midsole. Technical mesh upper is breathable and dries quickly during long runs. Stable TPU heel, flat laces prevent slipping. Suitable for daily training and 5K/10K races. Core specs: durable upper, strong stitching, snug ankle fit, all-day support.",Comfortable and breathable running shoes,SHOES-RUN-004,Shoes,"{'"currency'": '"VND'", '"retailPrice'": 820000, '"listingPrice'": 720000}","{'"quantity'": 24}","{'"sizes'": ['"39'", '"40'", '"41'", '"42'", '"43'"], '"colors'": ['"black'", '"white'", '"grey'", '"blue'"], '"materials'": ['"rubber'", '"EVA'", '"PU'"], '"specifications'": {'"drop'": '"8mm'", '"upper'": '"mesh'", '"midsole'": '"EVA + air cushion'", '"outsole'": '"wear-resistant rubber'"}}",PRODUCT_TYPE_PHYSICAL,PUBLISHED,APPROVED,"{shoes,comfortable,'"good grip'"}",t,f,f,0.80,"{'"unit'": '"cm'", '"width'": 19, '"height'": 11, '"length'": 31}","{'"keywords'": ['"shoes'", '"rubber sole'", '"comfortable'"], '"metaTitle'": '"Quality Shoes 04'", '"metaDescription'": '"Durable product for daily use'"}",2025-10-13 15:41:12.282244,2025-12-11 18:29:14.592619,2025-10-13 15:41:12.282244,aaaaaaaa-aaaa-aaaa-aaaa-aaaaaaaaaaaa,,550e8400-e29b-41d4-a716-446655440001
7bc80e1a-69c0-4dd1-9937-d4d93fa8d7f2,750e8400-e29b-41d4-a716-446655440002,ProRun Air Cushion Running Shoes 12,"Running shoes with multi-layer air cushion and responsive EVA midsole. Technical mesh upper is breathable and dries quickly during long runs. Stable TPU heel, flat laces prevent slipping. Suitable for daily training and 5K/10K races. Core specs: durable upper, strong stitching, snug ankle fit, all-day support.",Comfortable and breathable running shoes,SHOES-RUN-012,Shoes,"{'"currency'": '"VND'", '"retailPrice'": 860000, '"listingPrice'": 760000}","{'"quantity'": 32}","{'"sizes'": ['"39'", '"40'", '"41'", '"42'", '"43'"], '"colors'": ['"black'", '"white'", '"grey'", '"blue'"], '"materials'": ['"rubber'", '"EVA'", '"PU'"], '"specifications'": {'"drop'": '"8mm'", '"upper'": '"mesh'", '"midsole'": '"EVA + air cushion'", '"outsole'": '"wear-resistant rubber'"}}",PRODUCT_TYPE_PHYSICAL,PUBLISHED,APPROVED,"{shoes,comfortable,'"good grip'"}",t,f,f,0.70,"{'"unit'": '"cm'", '"width'": 19, '"height'": 11, '"length'": 30}","{'"keywords'": ['"shoes'", '"rubber sole'", '"comfortable'"], '"metaTitle'": '"Quality Shoes 12'", '"metaDescription'": '"Durable product for daily use'"}",2025-10-13 15:41:12.282244,2025-12-11 18:29:23.331863,2025-10-13 15:41:12.282244,aaaaaaaa-aaaa-aaaa-aaaa-aaaaaaaaaaaa,,550e8400-e29b-41d4-a716-446655440001
824a630a-f2ba-4736-ac09-d159235a4c26,750e8400-e29b-41d4-a716-446655440002,Formal Oxford Leather Shoes 06,"Oxford cap-toe formal shoes, fine grain PU leather, elegant structured form. Breathable microfiber lining, anti-slip synthetic rubber sole, suitable for office and events. Core specs: durable upper, strong stitching, snug ankle fit, all-day support.",Elegant formal shoes,SHOES-OXF-006,Shoes,"{'"currency'": '"VND'", '"retailPrice'": 830000, '"listingPrice'": 730000}","{'"quantity'": 26}","{'"sizes'": ['"39'", '"40'", '"41'", '"42'", '"43'"], '"colors'": ['"black'", '"white'", '"grey'", '"blue'"], '"materials'": ['"rubber'", '"EVA'", '"PU'"], '"specifications'": {'"drop'": '"10mm'", '"upper'": '"fine grain PU leather'", '"midsole'": '"foam'", '"outsole'": '"wear-resistant rubber'"}}",PRODUCT_TYPE_PHYSICAL,PUBLISHED,APPROVED,"{shoes,comfortable,'"good grip'"}",t,f,f,0.65,"{'"unit'": '"cm'", '"width'": 19, '"height'": 11, '"length'": 30}","{'"keywords'": ['"shoes'", '"rubber sole'", '"comfortable'"], '"metaTitle'": '"Quality Shoes 06'", '"metaDescription'": '"Durable product for daily use'"}",2025-10-13 15:41:12.282244,2025-12-11 18:36:22.536482,2025-10-13 15:41:12.282244,aaaaaaaa-aaaa-aaaa-aaaa-aaaaaaaaaaaa,,550e8400-e29b-41d4-a716-446655440001
8081d60c-db68-47bd-a4c2-02ec5fdd40a0,750e8400-e29b-41d4-a716-446655440002,Classic Fit Cap 20,"Curved brim cap provides good sun protection, thick twill fabric resists wrinkles, absorbs sweat. Metal snap closure at back is easy to adjust, subtle embroidered logo, suitable for light running and daily wear. Durable material, meticulous stitching, design emphasizes functionality and aesthetics.",Curved brim cap with embroidered logo,HAT-CAP-020,Hats & Caps,"{'"currency'": '"VND'", '"retailPrice'": 220000, '"listingPrice'": 180000}","{'"quantity'": 60}","{'"sizes'": ['"free size'", '"M'", '"L'"], '"colors'": ['"black'", '"beige'", '"sage green'", '"grey'"], '"materials'": ['"cotton'", '"acrylic'", '"wool felt'"], '"specifications'": {'"care'": '"gentle hand wash'", '"fabric'": '"cotton/wool'", '"feature'": '"breathable/warm'"}}",PRODUCT_TYPE_PHYSICAL,PUBLISHED,APPROVED,"{hat,'"sun protection'",warm}",t,f,f,0.12,"{'"unit'": '"cm'", '"width'": 22, '"height'": 12, '"length'": 22}","{'"keywords'": ['"hat'", '"mũ'", '"thời trang'"], '"metaTitle'": '"Quality Hats 20'", '"metaDescription'": '"Durable, lightweight, breathable'"}",2025-10-13 15:41:12.282244,2025-12-11 18:36:30.626549,2025-10-13 15:41:12.282244,aaaaaaaa-aaaa-aaaa-aaaa-aaaaaaaaaaaa,,550e8400-e29b-41d4-a716-446655440002
8fa7353b-c134-4efd-8489-371cacf8ed53,750e8400-e29b-41d4-a716-446655440002,Waterproof TrailGuard Hiking Boots 03,"Mid-cut hiking boots, breathable waterproof membrane, rubber toe cap prevents stone impact. Deep tread grips well on wet terrain, gravel, weekend trekking. Core specs: durable upper, strong stitching, snug ankle fit, all-day support.",Waterproof hiking boots with good grip,SHOES-HIKE-003,Shoes,"{'"currency'": '"VND'", '"retailPrice'": 815000, '"listingPrice'": 715000}","{'"quantity'": 23}","{'"sizes'": ['"39'", '"40'", '"41'", '"42'", '"43'"], '"colors'": ['"black'", '"white'", '"grey'", '"blue'"], '"materials'": ['"rubber'", '"EVA'", '"PU'"], '"specifications'": {'"drop'": '"10mm'", '"upper'": '"synthetic + textile'", '"midsole'": '"EVA'", '"outsole'": '"wear-resistant rubber'"}}",PRODUCT_TYPE_PHYSICAL,PUBLISHED,APPROVED,"{shoes,comfortable,'"good grip'"}",t,f,f,0.75,"{'"unit'": '"cm'", '"width'": 20, '"height'": 12, '"length'": 30}","{'"keywords'": ['"shoes'", '"rubber sole'", '"comfortable'"], '"metaTitle'": '"Quality Shoes 03'", '"metaDescription'": '"Durable product for daily use'"}",2025-10-13 15:41:12.282244,2025-12-11 18:48:23.225471,2025-10-13 15:41:12.282244,aaaaaaaa-aaaa-aaaa-aaaa-aaaaaaaaaaaa,,550e8400-e29b-41d4-a716-446655440001
88c509c3-3508-4932-b6c9-cddbf722951f,750e8400-e29b-41d4-a716-446655440002,Classic Street Sneakers 01,"Minimalist style sneakers, PU leather upper is easy to clean, memory foam insole is comfortable, vulcanized rubber sole grips well. Easy to pair with jeans, chinos, or shorts for work or casual wear. Core specs: durable upper, strong stitching, snug ankle fit, all-day support.","Minimalist sneakers, easy to match",SHOES-LIFE-001,Shoes,"{'"currency'": '"VND'", '"retailPrice'": 805000, '"listingPrice'": 705000}","{'"quantity'": 21}","{'"sizes'": ['"39'", '"40'", '"41'", '"42'", '"43'"], '"colors'": ['"black'", '"white'", '"grey'", '"blue'"], '"materials'": ['"rubber'", '"EVA'", '"PU'"], '"specifications'": {'"drop'": '"10mm'", '"upper'": '"PU leather'", '"midsole'": '"memory foam'", '"outsole'": '"wear-resistant rubber'"}}",PRODUCT_TYPE_PHYSICAL,PUBLISHED,APPROVED,"{shoes,comfortable,'"good grip'"}",t,f,f,0.65,"{'"unit'": '"cm'", '"width'": 20, '"height'": 12, '"length'": 31}","{'"keywords'": ['"shoes'", '"rubber sole'", '"comfortable'"], '"metaTitle'": '"Quality Shoes 01'", '"metaDescription'": '"Durable product for daily use'"}",2025-10-13 15:41:12.282244,2025-12-11 18:35:58.778692,2025-10-13 15:41:12.282244,aaaaaaaa-aaaa-aaaa-aaaa-aaaaaaaaaaaa,,550e8400-e29b-41d4-a716-446655440001
ac816399-34ab-4bdf-a622-8814018762b7,750e8400-e29b-41d4-a716-446655440002,Classic Felt Fedora Hat 11,"Soft felt fedora hat, medium brim maintains shape, elegant satin ribbon band. Sweatband absorbs moisture, comfortable to wear, suitable for strolling and events. Durable material, meticulous stitching, design emphasizes functionality and aesthetics.",Elegant felt fedora hat,HAT-FEDO-011,Hats & Caps,"{'"currency'": '"VND'", '"retailPrice'": 202000, '"listingPrice'": 162000}","{'"quantity'": 51}","{'"sizes'": ['"free size'", '"M'", '"L'"], '"colors'": ['"black'", '"beige'", '"sage green'", '"grey'"], '"materials'": ['"cotton'", '"acrylic'", '"wool felt'"], '"specifications'": {'"care'": '"gentle hand wash'", '"fabric'": '"cotton/wool'", '"feature'": '"breathable/warm'"}}",PRODUCT_TYPE_PHYSICAL,PUBLISHED,APPROVED,"{hat,'"sun protection'",warm}",t,f,f,0.18,"{'"unit'": '"cm'", '"width'": 22, '"height'": 12, '"length'": 22}","{'"keywords'": ['"hat'", '"mũ'", '"thời trang'"], '"metaTitle'": '"Quality Hats 11'", '"metaDescription'": '"Durable, lightweight, breathable'"}",2025-10-13 15:41:12.282244,2025-12-11 18:46:28.613757,2025-10-13 15:41:12.282244,aaaaaaaa-aaaa-aaaa-aaaa-aaaaaaaaaaaa,,550e8400-e29b-41d4-a716-446655440002
8c5e739d-b584-45bf-abaf-1ff4c3e31b16,750e8400-e29b-41d4-a716-446655440002,Classic Felt Fedora Hat 19,"Soft felt fedora hat, medium brim maintains shape, elegant satin ribbon band. Sweatband absorbs moisture, comfortable to wear, suitable for strolling and events. Durable material, meticulous stitching, design emphasizes functionality and aesthetics.",Elegant felt fedora hat,HAT-FEDO-019,Hats & Caps,"{'"currency'": '"VND'", '"retailPrice'": 218000, '"listingPrice'": 178000}","{'"quantity'": 59}","{'"sizes'": ['"free size'", '"M'", '"L'"], '"colors'": ['"black'", '"beige'", '"sage green'", '"grey'"], '"materials'": ['"cotton'", '"acrylic'", '"wool felt'"], '"specifications'": {'"care'": '"gentle hand wash'", '"fabric'": '"cotton/wool'", '"feature'": '"breathable/warm'"}}",PRODUCT_TYPE_PHYSICAL,PUBLISHED,APPROVED,"{hat,'"sun protection'",warm}",t,f,f,0.18,"{'"unit'": '"cm'", '"width'": 22, '"height'": 12, '"length'": 22}","{'"keywords'": ['"hat'", '"mũ'", '"thời trang'"], '"metaTitle'": '"Quality Hats 19'", '"metaDescription'": '"Durable, lightweight, breathable'"}",2025-10-13 15:41:12.282244,2025-12-11 18:47:00.934192,2025-10-13 15:41:12.282244,aaaaaaaa-aaaa-aaaa-aaaa-aaaaaaaaaaaa,,550e8400-e29b-41d4-a716-446655440002
dd770f0e-864c-4127-89f7-41f956d001ec,750e8400-e29b-41d4-a716-446655440002,Formal Oxford Leather Shoes 14,"Oxford cap-toe formal shoes, fine grain PU leather, elegant structured form. Breathable microfiber lining, anti-slip synthetic rubber sole, suitable for office and events. Core specs: durable upper, strong stitching, snug ankle fit, all-day support.",Elegant formal shoes,SHOES-OXF-014,Shoes,"{'"currency'": '"VND'", '"retailPrice'": 870000, '"listingPrice'": 770000}","{'"quantity'": 34}","{'"sizes'": ['"39'", '"40'", '"41'", '"42'", '"43'"], '"colors'": ['"black'", '"white'", '"grey'", '"blue'"], '"materials'": ['"rubber'", '"EVA'", '"PU'"], '"specifications'": {'"drop'": '"10mm'", '"upper'": '"fine grain PU leather'", '"midsole'": '"foam'", '"outsole'": '"wear-resistant rubber'"}}",PRODUCT_TYPE_PHYSICAL,PUBLISHED,APPROVED,"{shoes,comfortable,'"good grip'"}",t,t,f,0.80,"{'"unit'": '"cm'", '"width'": 19, '"height'": 11, '"length'": 32}","{'"keywords'": ['"shoes'", '"rubber sole'", '"comfortable'"], '"metaTitle'": '"Quality Shoes 14'", '"metaDescription'": '"Durable product for daily use'"}",2025-10-13 15:41:12.282244,2025-12-11 18:51:20.218102,2025-10-13 15:41:12.282244,aaaaaaaa-aaaa-aaaa-aaaa-aaaaaaaaaaaa,,550e8400-e29b-41d4-a716-446655440001
bbdcff38-f5f2-4261-b32e-e176e72b9fb6,750e8400-e29b-41d4-a716-446655440002,Formal Oxford Leather Shoes 18,"Oxford cap-toe formal shoes, fine grain PU leather, elegant structured form. Breathable microfiber lining, anti-slip synthetic rubber sole, suitable for office and events. Core specs: durable upper, strong stitching, snug ankle fit, all-day support.",Elegant formal shoes,SHOES-OXF-018,Shoes,"{'"currency'": '"VND'", '"retailPrice'": 890000, '"listingPrice'": 790000}","{'"quantity'": 38}","{'"sizes'": ['"39'", '"40'", '"41'", '"42'", '"43'"], '"colors'": ['"black'", '"white'", '"grey'", '"blue'"], '"materials'": ['"rubber'", '"EVA'", '"PU'"], '"specifications'": {'"drop'": '"10mm'", '"upper'": '"fine grain PU leather'", '"midsole'": '"foam'", '"outsole'": '"wear-resistant rubber'"}}",PRODUCT_TYPE_PHYSICAL,PUBLISHED,APPROVED,"{shoes,comfortable,'"good grip'"}",t,f,f,0.75,"{'"unit'": '"cm'", '"width'": 19, '"height'": 11, '"length'": 30}","{'"keywords'": ['"shoes'", '"rubber sole'", '"comfortable'"], '"metaTitle'": '"Quality Shoes 18'", '"metaDescription'": '"Durable product for daily use'"}",2025-10-13 15:41:12.282244,2025-12-11 18:51:37.651441,2025-10-13 15:41:12.282244,aaaaaaaa-aaaa-aaaa-aaaa-aaaaaaaaaaaa,,550e8400-e29b-41d4-a716-446655440001
e782830b-b148-45dd-af44-3ce1fafcc800,750e8400-e29b-41d4-a716-446655440002,Classic Fit Cap 16,"Curved brim cap provides good sun protection, thick twill fabric resists wrinkles, absorbs sweat. Metal snap closure at back is easy to adjust, subtle embroidered logo, suitable for light running and daily wear. Durable material, meticulous stitching, design emphasizes functionality and aesthetics.",Curved brim cap with embroidered logo,HAT-CAP-016,Hats & Caps,"{'"currency'": '"VND'", '"retailPrice'": 212000, '"listingPrice'": 172000}","{'"quantity'": 56}","{'"sizes'": ['"free size'", '"M'", '"L'"], '"colors'": ['"black'", '"beige'", '"sage green'", '"grey'"], '"materials'": ['"cotton'", '"acrylic'", '"wool felt'"], '"specifications'": {'"care'": '"gentle hand wash'", '"fabric'": '"cotton/wool'", '"feature'": '"breathable/warm'"}}",PRODUCT_TYPE_PHYSICAL,PUBLISHED,APPROVED,"{hat,'"sun protection'",warm}",t,f,f,0.12,"{'"unit'": '"cm'", '"width'": 22, '"height'": 12, '"length'": 22}","{'"keywords'": ['"hat'", '"mũ'", '"thời trang'"], '"metaTitle'": '"Quality Hats 16'", '"metaDescription'": '"Durable, lightweight, breathable'"}",2025-10-13 15:41:12.282244,2025-12-11 18:46:16.10377,2025-10-13 15:41:12.282244,aaaaaaaa-aaaa-aaaa-aaaa-aaaaaaaaaaaa,,550e8400-e29b-41d4-a716-446655440002
f82bd48e-9548-4c26-97a7-2158528e8fbd,750e8400-e29b-41d4-a716-446655440002,ProRun Air Cushion Running Shoes 20,"Running shoes with multi-layer air cushion and responsive EVA midsole. Technical mesh upper is breathable and dries quickly during long runs. Stable TPU heel, flat laces prevent slipping. Suitable for daily training and 5K/10K races. Core specs: durable upper, strong stitching, snug ankle fit, all-day support.",Comfortable and breathable running shoes,SHOES-RUN-020,Shoes,"{'"currency'": '"VND'", '"retailPrice'": 900000, '"listingPrice'": 800000}","{'"quantity'": 40}","{'"sizes'": ['"39'", '"40'", '"41'", '"42'", '"43'"], '"colors'": ['"black'", '"white'", '"grey'", '"blue'"], '"materials'": ['"rubber'", '"EVA'", '"PU'"], '"specifications'": {'"drop'": '"8mm'", '"upper'": '"mesh'", '"midsole'": '"EVA + air cushion'", '"outsole'": '"wear-resistant rubber'"}}",PRODUCT_TYPE_PHYSICAL,PUBLISHED,APPROVED,"{shoes,comfortable,'"good grip'"}",t,f,f,0.60,"{'"unit'": '"cm'", '"width'": 19, '"height'": 11, '"length'": 32}","{'"keywords'": ['"shoes'", '"rubber sole'", '"comfortable'"], '"metaTitle'": '"Quality Shoes 20'", '"metaDescription'": '"Durable product for daily use'"}",2025-10-13 15:41:12.282244,2025-12-11 18:51:52.228104,2025-10-13 15:41:12.282244,aaaaaaaa-aaaa-aaaa-aaaa-aaaaaaaaaaaa,,550e8400-e29b-41d4-a716-446655440001
f0ca5fc8-7f3d-42c4-b010-090feef0f86e,750e8400-e29b-41d4-a716-446655440002,Classic Street Sneakers 09,"Minimalist style sneakers, PU leather upper is easy to clean, memory foam insole is comfortable, vulcanized rubber sole grips well. Easy to pair with jeans, chinos, or shorts for work or casual wear. Core specs: durable upper, strong stitching, snug ankle fit, all-day support.","Minimalist sneakers, easy to match",SHOES-LIFE-009,Shoes,"{'"currency'": '"VND'", '"retailPrice'": 845000, '"listingPrice'": 745000}","{'"quantity'": 29}","{'"sizes'": ['"39'", '"40'", '"41'", '"42'", '"43'"], '"colors'": ['"black'", '"white'", '"grey'", '"blue'"], '"materials'": ['"rubber'", '"EVA'", '"PU'"], '"specifications'": {'"drop'": '"10mm'", '"upper'": '"PU leather'", '"midsole'": '"memory foam'", '"outsole'": '"wear-resistant rubber'"}}",PRODUCT_TYPE_PHYSICAL,PUBLISHED,APPROVED,"{shoes,comfortable,'"good grip'"}",t,f,f,0.80,"{'"unit'": '"cm'", '"width'": 20, '"height'": 12, '"length'": 30}","{'"keywords'": ['"shoes'", '"rubber sole'", '"comfortable'"], '"metaTitle'": '"Quality Shoes 09'", '"metaDescription'": '"Durable product for daily use'"}",2025-10-13 15:41:12.282244,2025-12-11 18:39:58.199171,2025-10-13 15:41:12.282244,aaaaaaaa-aaaa-aaaa-aaaa-aaaaaaaaaaaa,,550e8400-e29b-41d4-a716-446655440001
263f6590-4342-4e12-a2b6-204d9db23616,750e8400-e29b-41d4-a716-446655440002,Classic Fit Cap 04,"Curved brim cap provides good sun protection, thick twill fabric resists wrinkles, absorbs sweat. Metal snap closure at back is easy to adjust, subtle embroidered logo, suitable for light running and daily wear. Durable material, meticulous stitching, design emphasizes functionality and aesthetics.",Curved brim cap with embroidered logo,HAT-CAP-004,Hats & Caps,"{'"currency'": '"VND'", '"retailPrice'": 188000, '"listingPrice'": 148000}","{'"quantity'": 44}","{'"sizes'": ['"free size'", '"M'", '"L'"], '"colors'": ['"black'", '"beige'", '"sage green'", '"grey'"], '"materials'": ['"cotton'", '"acrylic'", '"wool felt'"], '"specifications'": {'"care'": '"gentle hand wash'", '"fabric'": '"cotton/wool'", '"feature'": '"breathable/warm'"}}",PRODUCT_TYPE_PHYSICAL,PUBLISHED,APPROVED,"{hat,'"sun protection'",warm}",t,f,f,0.12,"{'"unit'": '"cm'", '"width'": 22, '"height'": 12, '"length'": 22}","{'"keywords'": ['"hat'", '"mũ'", '"thời trang'"], '"metaTitle'": '"Quality Hats 04'", '"metaDescription'": '"Durable, lightweight, breathable'"}",2025-10-13 15:41:12.282244,2025-12-11 18:20:33.937463,2025-10-13 15:41:12.282244,aaaaaaaa-aaaa-aaaa-aaaa-aaaaaaaaaaaa,,550e8400-e29b-41d4-a716-446655440002
0bc1eb94-1388-4ded-913e-bb7b2246803e,750e8400-e29b-41d4-a716-446655440002,Warm Knit Beanie 02,"Ribbed knit beanie is stretchable, covers ears for warmth, acrylic-cotton blend reduces itchiness. Minimalist design pairs well with wool coats and hoodies in cold weather. Durable material, meticulous stitching, design emphasizes functionality and aesthetics.",Warm stretchable knit beanie,HAT-BEAN-002,Hats & Caps,"{'"currency'": '"VND'", '"retailPrice'": 184000, '"listingPrice'": 144000}","{'"quantity'": 42}","{'"sizes'": ['"free size'", '"M'", '"L'"], '"colors'": ['"black'", '"beige'", '"sage green'", '"grey'"], '"materials'": ['"cotton'", '"acrylic'", '"wool felt'"], '"specifications'": {'"care'": '"gentle hand wash'", '"fabric'": '"cotton/wool'", '"feature'": '"breathable/warm'"}}",PRODUCT_TYPE_PHYSICAL,PUBLISHED,APPROVED,"{hat,'"sun protection'",warm}",t,f,f,0.16,"{'"unit'": '"cm'", '"width'": 22, '"height'": 12, '"length'": 22}","{'"keywords'": ['"hat'", '"mũ'", '"thời trang'"], '"metaTitle'": '"Quality Hats 02'", '"metaDescription'": '"Durable, lightweight, breathable'"}",2025-10-13 15:41:12.282244,2025-12-11 18:24:05.024348,2025-10-13 15:41:12.282244,aaaaaaaa-aaaa-aaaa-aaaa-aaaaaaaaaaaa,,550e8400-e29b-41d4-a716-446655440002
4cc7ead1-e8b9-4c53-8d26-bf8a02c6ec3d,750e8400-e29b-41d4-a716-446655440002,Breathable Shorts 07,"Lightweight cotton/denim shorts, cool and breathable for summer, clean sharp stitching. Easy to pair with t-shirts or linen shirts. Carefully selected fibers, tested for shrinkage and colorfastness.",Lightweight breathable shorts,PANT-SHORT-007,Pants,"{'"currency'": '"VND'", '"retailPrice'": 311000, '"listingPrice'": 261000}","{'"quantity'": 32}","{'"sizes'": ['"28'", '"30'", '"32'", '"34'", '"36'"], '"colors'": ['"blue'", '"black'", '"grey'", '"beige'"], '"materials'": ['"cotton'", '"denim'", '"spandex'"], '"specifications'": {'"fit'": '"regular'", '"material'": '"cotton/denim'", '"thickness'": '"thin'"}}",PRODUCT_TYPE_PHYSICAL,PUBLISHED,APPROVED,"{pants,durable,breathable}",t,f,f,0.72,"{'"unit'": '"cm'", '"width'": 37, '"height'": 2, '"length'": 98}","{'"keywords'": ['"pants'", '"jeans'", '"kaki'", '"jogger'", '"shorts'"], '"metaTitle'": '"Quality Pants 07'", '"metaDescription'": '"Breathable, durable, easy to match'"}",2025-10-13 15:41:12.282244,2025-12-11 18:25:16.843246,2025-10-13 15:41:12.282244,aaaaaaaa-aaaa-aaaa-aaaa-aaaaaaaaaaaa,,550e8400-e29b-41d4-a716-446655440004
397936de-d39c-4b06-9196-10e10172e668,750e8400-e29b-41d4-a716-446655440002,Soft Cotton Shirt 14,"Lightweight twill-woven cotton shirt, quick moisture absorption, button-down collar maintains shape. Suitable for office and casual wear. High-quality material, tested for stretch and colorfastness after multiple washes.",Breathable cotton shirt,TOP-SHIRT-014,Tops,"{'"currency'": '"VND'", '"retailPrice'": 376000, '"listingPrice'": 316000}","{'"quantity'": 44}","{'"sizes'": ['"S'", '"M'", '"L'", '"XL'"], '"colors'": ['"black'", '"grey'", '"white'", '"beige'", '"navy blue'"], '"materials'": ['"cotton'", '"polyester'", '"wool'"], '"specifications'": {'"fit'": '"regular'", '"season'": '"spring/fall'", '"material'": '"cotton/poly'"}}",PRODUCT_TYPE_PHYSICAL,PUBLISHED,APPROVED,"{shirt,'"keeps you warm'",breathable}",t,f,f,0.50,"{'"unit'": '"cm'", '"width'": 50, '"height'": 3, '"length'": 69}","{'"keywords'": ['"shirt'", '"jacket'", '"wool'", '"hoodie'"], '"metaTitle'": '"Quality shirts 14'", '"metaDescription'": '"Breathable, keeps you warm, easy to mix and match.'"}",2025-10-13 15:41:12.282244,2025-12-11 18:25:39.952101,2025-10-13 15:41:12.282244,aaaaaaaa-aaaa-aaaa-aaaa-aaaaaaaaaaaa,,550e8400-e29b-41d4-a716-446655440003
4fd85616-6188-4550-8f57-191df3b76390,750e8400-e29b-41d4-a716-446655440002,Formal Oxford Leather Shoes 02,"Oxford cap-toe formal shoes, fine grain PU leather, elegant structured form. Breathable microfiber lining, anti-slip synthetic rubber sole, suitable for office and events. Core specs: durable upper, strong stitching, snug ankle fit, all-day support.",Elegant formal shoes,SHOES-OXF-002,Shoes,"{'"currency'": '"VND'", '"retailPrice'": 810000, '"listingPrice'": 710000}","{'"quantity'": 22}","{'"sizes'": ['"39'", '"40'", '"41'", '"42'", '"43'"], '"colors'": ['"black'", '"white'", '"grey'", '"blue'"], '"materials'": ['"rubber'", '"EVA'", '"PU'"], '"specifications'": {'"drop'": '"10mm'", '"upper'": '"fine grain PU leather'", '"midsole'": '"foam'", '"outsole'": '"wear-resistant rubber'"}}",PRODUCT_TYPE_PHYSICAL,PUBLISHED,APPROVED,"{shoes,comfortable,'"good grip'"}",t,f,f,0.70,"{'"unit'": '"cm'", '"width'": 19, '"height'": 11, '"length'": 32}","{'"keywords'": ['"shoes'", '"rubber sole'", '"comfortable'"], '"metaTitle'": '"Quality Shoes 02'", '"metaDescription'": '"Durable product for daily use'"}",2025-10-13 15:41:12.282244,2025-12-11 18:26:10.441527,2025-10-13 15:41:12.282244,aaaaaaaa-aaaa-aaaa-aaaa-aaaaaaaaaaaa,,550e8400-e29b-41d4-a716-446655440001
076a11c2-1543-469a-9795-5d0431db86f5,750e8400-e29b-41d4-a716-446655440002,Waterproof TrailGuard Hiking Boots 07,"Mid-cut hiking boots, breathable waterproof membrane, rubber toe cap prevents stone impact. Deep tread grips well on wet terrain, gravel, weekend trekking. Core specs: durable upper, strong stitching, snug ankle fit, all-day support.",Waterproof hiking boots with good grip,SHOES-HIKE-007,Shoes,"{'"currency'": '"VND'", '"retailPrice'": 835000, '"listingPrice'": 735000}","{'"quantity'": 27}","{'"sizes'": ['"39'", '"40'", '"41'", '"42'", '"43'"], '"colors'": ['"black'", '"white'", '"grey'", '"blue'"], '"materials'": ['"rubber'", '"EVA'", '"PU'"], '"specifications'": {'"drop'": '"10mm'", '"upper'": '"synthetic + textile'", '"midsole'": '"EVA'", '"outsole'": '"wear-resistant rubber'"}}",PRODUCT_TYPE_PHYSICAL,PUBLISHED,APPROVED,"{shoes,comfortable,'"good grip'"}",t,t,f,0.70,"{'"unit'": '"cm'", '"width'": 20, '"height'": 12, '"length'": 31}","{'"keywords'": ['"shoes'", '"rubber sole'", '"comfortable'"], '"metaTitle'": '"Quality Shoes 07'", '"metaDescription'": '"Durable product for daily use'"}",2025-10-13 15:41:12.282244,2025-12-11 18:21:17.176982,2025-10-13 15:41:12.282244,aaaaaaaa-aaaa-aaaa-aaaa-aaaaaaaaaaaa,,550e8400-e29b-41d4-a716-446655440001
053fe40e-bddb-4421-a620-6bdf8e89b380,750e8400-e29b-41d4-a716-446655440002,Warm Wool/Duffle Coat 20,"Wool coat with soft lining, excellent heat retention, refined stitching, detachable hood. Suitable for early morning/cold night travel, structured fit flatters figure. High-quality material, tested for stretch and colorfastness after multiple washes.",Warm coat with structured fit,TOP-COAT-020,Tops,"{'"currency'": '"VND'", '"retailPrice'": 400000, '"listingPrice'": 340000}","{'"quantity'": 50}","{'"sizes'": ['"S'", '"M'", '"L'", '"XL'"], '"colors'": ['"black'", '"grey'", '"white'", '"beige'", '"navy blue'"], '"materials'": ['"cotton'", '"polyester'", '"wool'"], '"specifications'": {'"fit'": '"regular'", '"season'": '"winter'", '"material'": '"cotton/poly'"}}",PRODUCT_TYPE_PHYSICAL,PUBLISHED,APPROVED,"{shirt,'"keeps you warm'",breathable}",t,t,f,0.50,"{'"unit'": '"cm'", '"width'": 50, '"height'": 3, '"length'": 69}","{'"keywords'": ['"shirt'", '"jacket'", '"wool'", '"hoodie'"], '"metaTitle'": '"Quality shirts 20'", '"metaDescription'": '"Breathable, keeps you warm, easy to mix and match.'"}",2025-10-13 15:41:12.282244,2025-12-11 18:21:29.008614,2025-10-13 15:41:12.282244,aaaaaaaa-aaaa-aaaa-aaaa-aaaaaaaaaaaa,,550e8400-e29b-41d4-a716-446655440003
3fe6c0a7-f794-4585-9d0e-28ebcb6df89a,750e8400-e29b-41d4-a716-446655440002,ProRun Air Cushion Running Shoes 08,"Running shoes with multi-layer air cushion and responsive EVA midsole. Technical mesh upper is breathable and dries quickly during long runs. Stable TPU heel, flat laces prevent slipping. Suitable for daily training and 5K/10K races. Core specs: durable upper, strong stitching, snug ankle fit, all-day support.",Comfortable and breathable running shoes,SHOES-RUN-008,Shoes,"{'"currency'": '"VND'", '"retailPrice'": 840000, '"listingPrice'": 740000}","{'"quantity'": 28}","{'"sizes'": ['"39'", '"40'", '"41'", '"42'", '"43'"], '"colors'": ['"black'", '"white'", '"grey'", '"blue'"], '"materials'": ['"rubber'", '"EVA'", '"PU'"], '"specifications'": {'"drop'": '"8mm'", '"upper'": '"mesh'", '"midsole'": '"EVA + air cushion'", '"outsole'": '"wear-resistant rubber'"}}",PRODUCT_TYPE_PHYSICAL,PUBLISHED,APPROVED,"{shoes,comfortable,'"good grip'"}",t,f,f,0.75,"{'"unit'": '"cm'", '"width'": 19, '"height'": 11, '"length'": 32}","{'"keywords'": ['"shoes'", '"rubber sole'", '"comfortable'"], '"metaTitle'": '"Quality Shoes 08'", '"metaDescription'": '"Durable product for daily use'"}",2025-10-13 15:41:12.282244,2025-12-11 18:26:24.064361,2025-10-13 15:41:12.282244,aaaaaaaa-aaaa-aaaa-aaaa-aaaaaaaaaaaa,,550e8400-e29b-41d4-a716-446655440001
6d7e3445-26a7-4fbb-8ee8-2a67db20be9a,750e8400-e29b-41d4-a716-446655440002,Warm Wool/Duffle Coat 12,"Wool coat with soft lining, excellent heat retention, refined stitching, detachable hood. Suitable for early morning/cold night travel, structured fit flatters figure. High-quality material, tested for stretch and colorfastness after multiple washes.",Warm coat with structured fit,TOP-COAT-012,Tops,"{'"currency'": '"VND'", '"retailPrice'": 368000, '"listingPrice'": 308000}","{'"quantity'": 42}","{'"sizes'": ['"S'", '"M'", '"L'", '"XL'"], '"colors'": ['"black'", '"grey'", '"white'", '"beige'", '"navy blue'"], '"materials'": ['"cotton'", '"polyester'", '"wool'"], '"specifications'": {'"fit'": '"regular'", '"season'": '"winter'", '"material'": '"cotton/poly'"}}",PRODUCT_TYPE_PHYSICAL,PUBLISHED,APPROVED,"{shirt,'"keeps you warm'",breathable}",t,f,f,0.40,"{'"unit'": '"cm'", '"width'": 50, '"height'": 3, '"length'": 65}","{'"keywords'": ['"shirt'", '"jacket'", '"wool'", '"hoodie'"], '"metaTitle'": '"Quality shirts 12'", '"metaDescription'": '"Breathable, keeps you warm, easy to mix and match.'"}",2025-10-13 15:41:12.282244,2025-12-11 18:27:27.515962,2025-10-13 15:41:12.282244,aaaaaaaa-aaaa-aaaa-aaaa-aaaaaaaaaaaa,,550e8400-e29b-41d4-a716-446655440003
74092aa5-cee8-409a-8345-492377d60bbb,750e8400-e29b-41d4-a716-446655440002,Waterproof TrailGuard Hiking Boots 15,"Mid-cut hiking boots, breathable waterproof membrane, rubber toe cap prevents stone impact. Deep tread grips well on wet terrain, gravel, weekend trekking. Core specs: durable upper, strong stitching, snug ankle fit, all-day support.",Waterproof hiking boots with good grip,SHOES-HIKE-015,Shoes,"{'"currency'": '"VND'", '"retailPrice'": 875000, '"listingPrice'": 775000}","{'"quantity'": 35}","{'"sizes'": ['"39'", '"40'", '"41'", '"42'", '"43'"], '"colors'": ['"black'", '"white'", '"grey'", '"blue'"], '"materials'": ['"rubber'", '"EVA'", '"PU'"], '"specifications'": {'"drop'": '"10mm'", '"upper'": '"synthetic + textile'", '"midsole'": '"EVA'", '"outsole'": '"wear-resistant rubber'"}}",PRODUCT_TYPE_PHYSICAL,PUBLISHED,APPROVED,"{shoes,comfortable,'"good grip'"}",t,f,f,0.60,"{'"unit'": '"cm'", '"width'": 20, '"height'": 12, '"length'": 30}","{'"keywords'": ['"shoes'", '"rubber sole'", '"comfortable'"], '"metaTitle'": '"Quality Shoes 15'", '"metaDescription'": '"Durable product for daily use'"}",2025-10-13 15:41:12.282244,2025-12-11 18:28:13.117311,2025-10-13 15:41:12.282244,aaaaaaaa-aaaa-aaaa-aaaa-aaaaaaaaaaaa,,550e8400-e29b-41d4-a716-446655440001
683a7237-ea43-4e45-a2a1-c3c75e7c7d87,750e8400-e29b-41d4-a716-446655440002,Soft turtleneck sweater 01,"Stretchable cotton blend turtleneck sweater. Keeps your neck and chest warm. Smooth surface with minimal pilling. Easy to pair with blazers/jackets. High-quality material, tested for stretch and colorfastness after multiple washes.",Soft turtleneck sweater,TOP-SWEA-001,Tops,"{'"currency'": '"VND'", '"retailPrice'": 324000, '"listingPrice'": 264000}","{'"quantity'": 31}","{'"sizes'": ['"S'", '"M'", '"L'", '"XL'"], '"colors'": ['"black'", '"grey'", '"white'", '"beige'", '"navy blue'"], '"materials'": ['"cotton'", '"polyester'", '"wool'"], '"specifications'": {'"fit'": '"regular'", '"season'": '"winter'", '"material'": '"cotton/poly'"}}",PRODUCT_TYPE_PHYSICAL,PUBLISHED,APPROVED,"{shirt,'"keeps you warm'",breathable}",t,f,f,0.45,"{'"unit'": '"cm'", '"width'": 52, '"height'": 3, '"length'": 67}","{'"keywords'": ['"shirt'", '"jacket'", '"wool'", '"hoodie'"], '"metaTitle'": '"Quality shirts 01'", '"metaDescription'": '"Breathable, keeps you warm, easy to mix and match.'"}",2025-10-13 15:41:12.282244,2025-12-11 18:28:24.670758,2025-10-13 15:41:12.282244,aaaaaaaa-aaaa-aaaa-aaaa-aaaaaaaaaaaa,,550e8400-e29b-41d4-a716-446655440003
391b2a44-f90e-4c7a-b315-6a76d3f6a439,750e8400-e29b-41d4-a716-446655440002,Warm Knit Beanie 14,"Ribbed knit beanie is stretchable, covers ears for warmth, acrylic-cotton blend reduces itchiness. Minimalist design pairs well with wool coats and hoodies in cold weather. Durable material, meticulous stitching, design emphasizes functionality and aesthetics.",Warm stretchable knit beanie,HAT-BEAN-014,Hats & Caps,"{'"currency'": '"VND'", '"retailPrice'": 208000, '"listingPrice'": 168000}","{'"quantity'": 54}","{'"sizes'": ['"free size'", '"M'", '"L'"], '"colors'": ['"black'", '"beige'", '"sage green'", '"grey'"], '"materials'": ['"cotton'", '"acrylic'", '"wool felt'"], '"specifications'": {'"care'": '"gentle hand wash'", '"fabric'": '"cotton/wool'", '"feature'": '"breathable/warm'"}}",PRODUCT_TYPE_PHYSICAL,PUBLISHED,APPROVED,"{hat,'"sun protection'",warm}",t,f,f,0.16,"{'"unit'": '"cm'", '"width'": 22, '"height'": 12, '"length'": 22}","{'"keywords'": ['"hat'", '"mũ'", '"thời trang'"], '"metaTitle'": '"Quality Hats 14'", '"metaDescription'": '"Durable, lightweight, breathable'"}",2025-10-13 15:41:12.282244,2025-12-11 18:22:45.39457,2025-10-13 15:41:12.282244,aaaaaaaa-aaaa-aaaa-aaaa-aaaaaaaaaaaa,,550e8400-e29b-41d4-a716-446655440002
32f5af36-067b-4ee7-a406-a4c91eea78d6,750e8400-e29b-41d4-a716-446655440002,Waterproof TrailGuard Hiking Boots 11,"Mid-cut hiking boots, breathable waterproof membrane, rubber toe cap prevents stone impact. Deep tread grips well on wet terrain, gravel, weekend trekking. Core specs: durable upper, strong stitching, snug ankle fit, all-day support.",Waterproof hiking boots with good grip,SHOES-HIKE-011,Shoes,"{'"currency'": '"VND'", '"retailPrice'": 855000, '"listingPrice'": 755000}","{'"quantity'": 31}","{'"sizes'": ['"39'", '"40'", '"41'", '"42'", '"43'"], '"colors'": ['"black'", '"white'", '"grey'", '"blue'"], '"materials'": ['"rubber'", '"EVA'", '"PU'"], '"specifications'": {'"drop'": '"10mm'", '"upper'": '"synthetic + textile'", '"midsole'": '"EVA'", '"outsole'": '"wear-resistant rubber'"}}",PRODUCT_TYPE_PHYSICAL,PUBLISHED,APPROVED,"{shoes,comfortable,'"good grip'"}",t,f,f,0.65,"{'"unit'": '"cm'", '"width'": 20, '"height'": 12, '"length'": 32}","{'"keywords'": ['"shoes'", '"rubber sole'", '"comfortable'"], '"metaTitle'": '"Quality Shoes 11'", '"metaDescription'": '"Durable product for daily use'"}",2025-10-13 15:41:12.282244,2025-12-11 18:23:06.92289,2025-10-13 15:41:12.282244,aaaaaaaa-aaaa-aaaa-aaaa-aaaaaaaaaaaa,,550e8400-e29b-41d4-a716-446655440001
66ae197d-f72d-4fcc-a4b6-ff1e657a9ec9,750e8400-e29b-41d4-a716-446655440002,Warm Brushed Fleece Hoodie 07,"Brushed fleece hoodie with soft inner surface, warm and soft, drawstring hood, cuffed sleeves/hem retains heat. Suitable for strolling and travel. High-quality material, tested for stretch and colorfastness after multiple washes.",Warm and comfortable hoodie,TOP-HOOD-007,Tops,"{'"currency'": '"VND'", '"retailPrice'": 348000, '"listingPrice'": 288000}","{'"quantity'": 37}","{'"sizes'": ['"S'", '"M'", '"L'", '"XL'"], '"colors'": ['"black'", '"grey'", '"white'", '"beige'", '"navy blue'"], '"materials'": ['"cotton'", '"polyester'", '"wool'"], '"specifications'": {'"fit'": '"regular'", '"season'": '"winter'", '"material'": '"cotton/poly'"}}",PRODUCT_TYPE_PHYSICAL,PUBLISHED,APPROVED,"{shirt,'"keeps you warm'",breathable}",t,f,f,0.45,"{'"unit'": '"cm'", '"width'": 52, '"height'": 3, '"length'": 67}","{'"keywords'": ['"shirt'", '"jacket'", '"wool'", '"hoodie'"], '"metaTitle'": '"Quality shirts 07'", '"metaDescription'": '"Breathable, keeps you warm, easy to mix and match.'"}",2025-10-13 15:41:12.282244,2025-12-11 18:28:43.986197,2025-10-13 15:41:12.282244,aaaaaaaa-aaaa-aaaa-aaaa-aaaaaaaaaaaa,,550e8400-e29b-41d4-a716-446655440003
79017597-ee5e-4d54-aa6f-c093402ea27e,750e8400-e29b-41d4-a716-446655440002,Warm Knit Beanie 06,"Ribbed knit beanie is stretchable, covers ears for warmth, acrylic-cotton blend reduces itchiness. Minimalist design pairs well with wool coats and hoodies in cold weather. Durable material, meticulous stitching, design emphasizes functionality and aesthetics.",Warm stretchable knit beanie,HAT-BEAN-006,Hats & Caps,"{'"currency'": '"VND'", '"retailPrice'": 192000, '"listingPrice'": 152000}","{'"quantity'": 46}","{'"sizes'": ['"free size'", '"M'", '"L'"], '"colors'": ['"black'", '"beige'", '"sage green'", '"grey'"], '"materials'": ['"cotton'", '"acrylic'", '"wool felt'"], '"specifications'": {'"care'": '"gentle hand wash'", '"fabric'": '"cotton/wool'", '"feature'": '"breathable/warm'"}}",PRODUCT_TYPE_PHYSICAL,PUBLISHED,APPROVED,"{hat,'"sun protection'",warm}",t,t,f,0.16,"{'"unit'": '"cm'", '"width'": 22, '"height'": 12, '"length'": 22}","{'"keywords'": ['"hat'", '"mũ'", '"thời trang'"], '"metaTitle'": '"Quality Hats 06'", '"metaDescription'": '"Durable, lightweight, breathable'"}",2025-10-13 15:41:12.282244,2025-12-11 18:28:54.179501,2025-10-13 15:41:12.282244,aaaaaaaa-aaaa-aaaa-aaaa-aaaaaaaaaaaa,,550e8400-e29b-41d4-a716-446655440002
8fb58ccf-d41b-4fb3-84bd-f3618c346e16,750e8400-e29b-41d4-a716-446655440002,Warm Knit Beanie 18,"Ribbed knit beanie is stretchable, covers ears for warmth, acrylic-cotton blend reduces itchiness. Minimalist design pairs well with wool coats and hoodies in cold weather. Durable material, meticulous stitching, design emphasizes functionality and aesthetics.",Warm stretchable knit beanie,HAT-BEAN-018,Hats & Caps,"{'"currency'": '"VND'", '"retailPrice'": 216000, '"listingPrice'": 176000}","{'"quantity'": 58}","{'"sizes'": ['"free size'", '"M'", '"L'"], '"colors'": ['"black'", '"beige'", '"sage green'", '"grey'"], '"materials'": ['"cotton'", '"acrylic'", '"wool felt'"], '"specifications'": {'"care'": '"gentle hand wash'", '"fabric'": '"cotton/wool'", '"feature'": '"breathable/warm'"}}",PRODUCT_TYPE_PHYSICAL,PUBLISHED,APPROVED,"{hat,'"sun protection'",warm}",t,t,f,0.16,"{'"unit'": '"cm'", '"width'": 22, '"height'": 12, '"length'": 22}","{'"keywords'": ['"hat'", '"mũ'", '"thời trang'"], '"metaTitle'": '"Quality Hats 18'", '"metaDescription'": '"Durable, lightweight, breathable'"}",2025-10-13 15:41:12.282244,2025-12-11 18:38:34.591091,2025-10-13 15:41:12.282244,aaaaaaaa-aaaa-aaaa-aaaa-aaaaaaaaaaaa,,550e8400-e29b-41d4-a716-446655440002
271a2a46-c5db-44c3-a7ab-37b194321df1,750e8400-e29b-41d4-a716-446655440002,Stretch Jogger Pants 14,"Elastic-cuffed jogger pants, stretchable cotton blend fabric, lightweight and breathable. Strong drawstring, suitable for active movement and frequent travel. Carefully selected fibers, tested for shrinkage and colorfastness.",Comfortable jogger pants,PANT-JOGG-014,Pants,"{'"currency'": '"VND'", '"retailPrice'": 332000, '"listingPrice'": 282000}","{'"quantity'": 39}","{'"sizes'": ['"28'", '"30'", '"32'", '"34'", '"36'"], '"colors'": ['"blue'", '"black'", '"grey'", '"beige'"], '"materials'": ['"cotton'", '"denim'", '"spandex'"], '"specifications'": {'"fit'": '"regular'", '"material'": '"cotton/denim'", '"thickness'": '"medium'"}}",PRODUCT_TYPE_PHYSICAL,PUBLISHED,APPROVED,"{pants,durable,breathable}",t,f,f,0.84,"{'"unit'": '"cm'", '"width'": 35, '"height'": 2, '"length'": 101}","{'"keywords'": ['"pants'", '"jeans'", '"kaki'", '"jogger'", '"shorts'"], '"metaTitle'": '"Quality Pants 14'", '"metaDescription'": '"Breathable, durable, easy to match'"}",2025-10-13 15:41:12.282244,2025-12-11 18:23:23.17996,2025-10-13 15:41:12.282244,aaaaaaaa-aaaa-aaaa-aaaa-aaaaaaaaaaaa,,550e8400-e29b-41d4-a716-446655440004
2781fe8b-9440-467b-8a22-4695ca725c05,750e8400-e29b-41d4-a716-446655440002,Daily Bucket Hat 17,"Soft canvas bucket hat, ventilation holes around, folds compactly for easy carrying. Medium wide brim, strong stitching maintains shape, minimalist style easy to match. Durable material, meticulous stitching, design emphasizes functionality and aesthetics.",Foldable canvas bucket hat,HAT-BUCK-017,Hats & Caps,"{'"currency'": '"VND'", '"retailPrice'": 214000, '"listingPrice'": 174000}","{'"quantity'": 57}","{'"sizes'": ['"free size'", '"M'", '"L'"], '"colors'": ['"black'", '"beige'", '"sage green'", '"grey'"], '"materials'": ['"cotton'", '"acrylic'", '"wool felt'"], '"specifications'": {'"care'": '"gentle hand wash'", '"fabric'": '"cotton/wool'", '"feature'": '"breathable/warm'"}}",PRODUCT_TYPE_PHYSICAL,PUBLISHED,APPROVED,"{hat,'"sun protection'",warm}",t,f,f,0.14,"{'"unit'": '"cm'", '"width'": 22, '"height'": 12, '"length'": 22}","{'"keywords'": ['"hat'", '"mũ'", '"thời trang'"], '"metaTitle'": '"Quality Hats 17'", '"metaDescription'": '"Durable, lightweight, breathable'"}",2025-10-13 15:41:12.282244,2025-12-11 18:23:51.533389,2025-10-13 15:41:12.282244,aaaaaaaa-aaaa-aaaa-aaaa-aaaaaaaaaaaa,,550e8400-e29b-41d4-a716-446655440002
8678db34-292d-416d-bb60-6a49bd011fde,750e8400-e29b-41d4-a716-446655440002,Warm Knit Beanie 10,"Ribbed knit beanie is stretchable, covers ears for warmth, acrylic-cotton blend reduces itchiness. Minimalist design pairs well with wool coats and hoodies in cold weather. Durable material, meticulous stitching, design emphasizes functionality and aesthetics.",Warm stretchable knit beanie,HAT-BEAN-010,Hats & Caps,"{'"currency'": '"VND'", '"retailPrice'": 200000, '"listingPrice'": 160000}","{'"quantity'": 50}","{'"sizes'": ['"free size'", '"M'", '"L'"], '"colors'": ['"black'", '"beige'", '"sage green'", '"grey'"], '"materials'": ['"cotton'", '"acrylic'", '"wool felt'"], '"specifications'": {'"care'": '"gentle hand wash'", '"fabric'": '"cotton/wool'", '"feature'": '"breathable/warm'"}}",PRODUCT_TYPE_PHYSICAL,PUBLISHED,APPROVED,"{hat,'"sun protection'",warm}",t,f,f,0.16,"{'"unit'": '"cm'", '"width'": 22, '"height'": 12, '"length'": 22}","{'"keywords'": ['"hat'", '"mũ'", '"thời trang'"], '"metaTitle'": '"Quality Hats 10'", '"metaDescription'": '"Durable, lightweight, breathable'"}",2025-10-13 15:41:12.282244,2025-12-11 18:35:26.579717,2025-10-13 15:41:12.282244,aaaaaaaa-aaaa-aaaa-aaaa-aaaaaaaaaaaa,,550e8400-e29b-41d4-a716-446655440002
7a0664c6-3b86-4bfc-a324-042d31a4d699,750e8400-e29b-41d4-a716-446655440002,Classic Felt Fedora Hat 07,"Soft felt fedora hat, medium brim maintains shape, elegant satin ribbon band. Sweatband absorbs moisture, comfortable to wear, suitable for strolling and events. Durable material, meticulous stitching, design emphasizes functionality and aesthetics.",Elegant felt fedora hat,HAT-FEDO-007,Hats & Caps,"{'"currency'": '"VND'", '"retailPrice'": 194000, '"listingPrice'": 154000}","{'"quantity'": 47}","{'"sizes'": ['"free size'", '"M'", '"L'"], '"colors'": ['"black'", '"beige'", '"sage green'", '"grey'"], '"materials'": ['"cotton'", '"acrylic'", '"wool felt'"], '"specifications'": {'"care'": '"gentle hand wash'", '"fabric'": '"cotton/wool'", '"feature'": '"breathable/warm'"}}",PRODUCT_TYPE_PHYSICAL,PUBLISHED,APPROVED,"{hat,'"sun protection'",warm}",t,f,f,0.18,"{'"unit'": '"cm'", '"width'": 22, '"height'": 12, '"length'": 22}","{'"keywords'": ['"hat'", '"mũ'", '"thời trang'"], '"metaTitle'": '"Quality Hats 07'", '"metaDescription'": '"Durable, lightweight, breathable'"}",2025-10-13 15:41:12.282244,2025-12-11 18:35:35.4233,2025-10-13 15:41:12.282244,aaaaaaaa-aaaa-aaaa-aaaa-aaaaaaaaaaaa,,550e8400-e29b-41d4-a716-446655440002
bd0a00b6-f58a-4f23-85fc-d161c07fb789,750e8400-e29b-41d4-a716-446655440002,Classic Street Sneakers 13,"Minimalist style sneakers, PU leather upper is easy to clean, memory foam insole is comfortable, vulcanized rubber sole grips well. Easy to pair with jeans, chinos, or shorts for work or casual wear. Core specs: durable upper, strong stitching, snug ankle fit, all-day support.","Minimalist sneakers, easy to match",SHOES-LIFE-013,Shoes,"{'"currency'": '"VND'", '"retailPrice'": 865000, '"listingPrice'": 765000}","{'"quantity'": 33}","{'"sizes'": ['"39'", '"40'", '"41'", '"42'", '"43'"], '"colors'": ['"black'", '"white'", '"grey'", '"blue'"], '"materials'": ['"rubber'", '"EVA'", '"PU'"], '"specifications'": {'"drop'": '"10mm'", '"upper'": '"PU leather'", '"midsole'": '"memory foam'", '"outsole'": '"wear-resistant rubber'"}}",PRODUCT_TYPE_PHYSICAL,PUBLISHED,APPROVED,"{shoes,comfortable,'"good grip'"}",t,f,f,0.75,"{'"unit'": '"cm'", '"width'": 20, '"height'": 12, '"length'": 31}","{'"keywords'": ['"shoes'", '"rubber sole'", '"comfortable'"], '"metaTitle'": '"Quality Shoes 13'", '"metaDescription'": '"Durable product for daily use'"}",2025-10-13 15:41:12.282244,2025-12-11 18:39:47.676404,2025-10-13 15:41:12.282244,aaaaaaaa-aaaa-aaaa-aaaa-aaaaaaaaaaaa,,550e8400-e29b-41d4-a716-446655440001
46e5c701-7b8b-4f4d-bbea-f52aa85c8999,750e8400-e29b-41d4-a716-446655440002,Daily Bucket Hat 01,"Soft canvas bucket hat, ventilation holes around, folds compactly for easy carrying. Medium wide brim, strong stitching maintains shape, minimalist style easy to match. Durable material, meticulous stitching, design emphasizes functionality and aesthetics.",Foldable canvas bucket hat,HAT-BUCK-001,Hats & Caps,"{'"currency'": '"VND'", '"retailPrice'": 182000, '"listingPrice'": 142000}","{'"quantity'": 41}","{'"sizes'": ['"free size'", '"M'", '"L'"], '"colors'": ['"black'", '"beige'", '"sage green'", '"grey'"], '"materials'": ['"cotton'", '"acrylic'", '"wool felt'"], '"specifications'": {'"care'": '"gentle hand wash'", '"fabric'": '"cotton/wool'", '"feature'": '"breathable/warm'"}}",PRODUCT_TYPE_PHYSICAL,PUBLISHED,APPROVED,"{hat,'"sun protection'",warm}",t,f,f,0.14,"{'"unit'": '"cm'", '"width'": 22, '"height'": 12, '"length'": 22}","{'"keywords'": ['"hat'", '"mũ'", '"thời trang'"], '"metaTitle'": '"Quality Hats 01'", '"metaDescription'": '"Durable, lightweight, breathable'"}",2025-10-13 15:41:12.282244,2025-12-11 18:24:46.262661,2025-10-13 15:41:12.282244,aaaaaaaa-aaaa-aaaa-aaaa-aaaaaaaaaaaa,,550e8400-e29b-41d4-a716-446655440002
7f712f99-6e88-4ed6-987e-59d471583e13,750e8400-e29b-41d4-a716-446655440002,Soft turtleneck sweater 17,"Stretchable cotton blend turtleneck sweater. Keeps your neck and chest warm. Smooth surface with minimal pilling. Easy to pair with blazers/jackets. High-quality material, tested for stretch and colorfastness after multiple washes.",Soft turtleneck sweater,TOP-SWEA-017,Tops,"{'"currency'": '"VND'", '"retailPrice'": 388000, '"listingPrice'": 328000}","{'"quantity'": 47}","{'"sizes'": ['"S'", '"M'", '"L'", '"XL'"], '"colors'": ['"black'", '"grey'", '"white'", '"beige'", '"navy blue'"], '"materials'": ['"cotton'", '"polyester'", '"wool'"], '"specifications'": {'"fit'": '"regular'", '"season'": '"winter'", '"material'": '"cotton/poly'"}}",PRODUCT_TYPE_PHYSICAL,PUBLISHED,APPROVED,"{shirt,'"keeps you warm'",breathable}",t,f,f,0.65,"{'"unit'": '"cm'", '"width'": 52, '"height'": 3, '"length'": 69}","{'"keywords'": ['"shirt'", '"jacket'", '"wool'", '"hoodie'"], '"metaTitle'": '"Quality shirts 17'", '"metaDescription'": '"Breathable, keeps you warm, easy to mix and match.'"}",2025-10-13 15:41:12.282244,2025-12-11 18:37:08.635981,2025-10-13 15:41:12.282244,aaaaaaaa-aaaa-aaaa-aaaa-aaaaaaaaaaaa,,550e8400-e29b-41d4-a716-446655440003
e584f4b1-b906-4747-9143-e6daf6a3d0f6,750e8400-e29b-41d4-a716-446655440002,Classic Felt Fedora Hat 15,"Soft felt fedora hat, medium brim maintains shape, elegant satin ribbon band. Sweatband absorbs moisture, comfortable to wear, suitable for strolling and events. Durable material, meticulous stitching, design emphasizes functionality and aesthetics.",Elegant felt fedora hat,HAT-FEDO-015,Hats & Caps,"{'"currency'": '"VND'", '"retailPrice'": 210000, '"listingPrice'": 170000}","{'"quantity'": 55}","{'"sizes'": ['"free size'", '"M'", '"L'"], '"colors'": ['"black'", '"beige'", '"sage green'", '"grey'"], '"materials'": ['"cotton'", '"acrylic'", '"wool felt'"], '"specifications'": {'"care'": '"gentle hand wash'", '"fabric'": '"cotton/wool'", '"feature'": '"breathable/warm'"}}",PRODUCT_TYPE_PHYSICAL,PUBLISHED,APPROVED,"{hat,'"sun protection'",warm}",t,f,f,0.18,"{'"unit'": '"cm'", '"width'": 22, '"height'": 12, '"length'": 22}","{'"keywords'": ['"hat'", '"mũ'", '"thời trang'"], '"metaTitle'": '"Quality Hats 15'", '"metaDescription'": '"Durable, lightweight, breathable'"}",2025-10-13 15:41:12.282244,2025-12-11 18:46:43.49934,2025-10-13 15:41:12.282244,aaaaaaaa-aaaa-aaaa-aaaa-aaaaaaaaaaaa,,550e8400-e29b-41d4-a716-446655440002
550e8400-e29b-41d4-a716-446655440101,750e8400-e29b-41d4-a716-446655440008,No-Face Spirited Away Figure 25cm,"No-Face (Kaonashi) figure from Spirited Away movie, removable mask feature, premium resin material. Highly detailed collectible for Studio Ghibli enthusiasts.","No-Face figure 25cm tall, removable mask",GHIBLI-NO-FACE-25CM,Toys & Figures,"{'"currency'": '"VND'", '"retailPrice'": 820000.00, '"listingPrice'": 720000.00}","{'"quantity'": 12}","{'"sizes'": ['"One Size'"], '"colors'": ['"Black'", '"Gold'"], '"materials'": ['"Resin'", '"Plastic'"], '"specifications'": {'"Brand'": '"Studio Ghibli'", '"Height'": '"25cm'", '"Feature'": '"Removable mask'", '"Material'": '"Resin'"}}",PRODUCT_TYPE_PHYSICAL,PUBLISHED,APPROVED,"{no-face,spirited-away,studio-ghibli,collectible,anime}",t,t,f,0.60,"{'"unit'": '"cm'", '"width'": 18, '"height'": 25, '"length'": 18}","{'"keywords'": ['"no-face'", '"spirited away'", '"figure'"], '"metaTitle'": '"No-Face Spirited Away Figure 25cm'", '"metaDescription'": '"No-Face figure with removable mask, premium resin material'"}",2025-12-11 19:34:13.417104,2025-12-11 19:34:13.417104,2025-12-11 19:34:13.417104,aaaaaaaa-aaaa-aaaa-aaaa-aaaaaaaaaaaa,,550e8400-e29b-41d4-a716-446655440005
550e8400-e29b-41d4-a716-446655440102,750e8400-e29b-41d4-a716-446655440008,No-Face Snow Globe on Spirit Train,"Glass snow globe with No-Face sitting on spirit train with gold flakes falling, 15cm diameter. Limited edition collectible from Spirited Away.",No-Face snow globe on spirit train with gold flakes,GHIBLI-NO-FACE-GLOBE,Home Decor,"{'"currency'": '"VND'", '"retailPrice'": 880000.00, '"listingPrice'": 780000.00}","{'"quantity'": 8}","{'"sizes'": ['"One Size'"], '"colors'": ['"Clear'", '"Black'", '"Gold'"], '"materials'": ['"Glass'", '"Resin'", '"Gold flakes'"], '"specifications'": {'"Brand'": '"Studio Ghibli'", '"Edition'": '"Limited'", '"Feature'": '"Gold flakes effect'", '"Diameter'": '"15cm'", '"Material'": '"Glass, Resin'"}}",PRODUCT_TYPE_PHYSICAL,PUBLISHED,APPROVED,"{snow-globe,no-face,spirit-train,gold-flakes,limited-edition}",t,t,f,0.60,"{'"unit'": '"cm'", '"width'": 15, '"height'": 18, '"length'": 15}","{'"keywords'": ['"snow globe'", '"no-face'", '"spirit train'", '"limited'"], '"metaTitle'": '"No-Face Snow Globe on Spirit Train - Limited Edition'", '"metaDescription'": '"Glass snow globe with No-Face on spirit train with gold flakes, limited edition'"}",2025-12-11 19:34:13.417104,2025-12-11 19:34:13.417104,2025-12-11 19:34:13.417104,aaaaaaaa-aaaa-aaaa-aaaa-aaaaaaaaaaaa,,550e8400-e29b-41d4-a716-446655440007
550e8400-e29b-41d4-a716-446655440103,750e8400-e29b-41d4-a716-446655440008,No-Face Gold Plated Limited Edition,"No-Face plated with 24k gold, ultra limited edition with only 100 pieces worldwide. Premium collectible for serious Studio Ghibli collectors.","No-Face plated with 24k gold, only 100 pieces worldwide",GHIBLI-NO-FACE-GOLD,Toys & Figures,"{'"currency'": '"VND'", '"retailPrice'": 6000000.00, '"listingPrice'": 5000000.00}","{'"quantity'": 3}","{'"sizes'": ['"One Size'"], '"colors'": ['"Gold'"], '"materials'": ['"Resin'", '"24K Gold'"], '"specifications'": {'"Brand'": '"Studio Ghibli'", '"Height'": '"30cm'", '"Edition'": '"Ultra Limited - Only 100 pieces worldwide'", '"Plating'": '"24K Gold'", '"Material'": '"Resin, 24K Gold'"}}",PRODUCT_TYPE_PHYSICAL,PUBLISHED,APPROVED,"{no-face,gold-plated,limited,premium,studio-ghibli}",t,t,f,1.20,"{'"unit'": '"cm'", '"width'": 20, '"height'": 30, '"length'": 20}","{'"keywords'": ['"no-face'", '"gold'", '"limited'", '"premium'"], '"metaTitle'": '"No-Face Gold Plated Limited Edition - Ultra Rare'", '"metaDescription'": '"No-Face plated with 24k gold, only 100 pieces worldwide'"}",2025-12-11 19:34:13.417104,2025-12-11 19:34:13.417104,2025-12-11 19:34:13.417104,aaaaaaaa-aaaa-aaaa-aaaa-aaaaaaaaaaaa,,550e8400-e29b-41d4-a716-446655440005
550e8400-e29b-41d4-a716-446655440104,750e8400-e29b-41d4-a716-446655440008,No-Face on Spirit Train Set,"No-Face figure sitting on the spirit train with golden ticket, set includes LED light. Limited edition collectible from Spirited Away.",No-Face on spirit train with LED light,GHIBLI-NO-FACE-TRAIN,Toys & Figures,"{'"currency'": '"VND'", '"retailPrice'": 1050000.00, '"listingPrice'": 950000.00}","{'"quantity'": 8}","{'"sizes'": ['"One Size'"], '"colors'": ['"Black'", '"Gold'", '"Yellow'"], '"materials'": ['"Resin'", '"LED'"], '"specifications'": {'"Brand'": '"Studio Ghibli'", '"Feature'": '"LED light included'", '"Material'": '"Resin'", '"Set Includes'": '"No-Face figure, train, golden ticket'"}}",PRODUCT_TYPE_PHYSICAL,PUBLISHED,APPROVED,"{no-face,spirit-train,led-light,studio-ghibli,limited}",t,t,f,0.70,"{'"unit'": '"cm'", '"width'": 10, '"height'": 15, '"length'": 25}","{'"keywords'": ['"no-face'", '"spirit train'", '"led'", '"limited'"], '"metaTitle'": '"No-Face on Spirit Train Set with LED'", '"metaDescription'": '"No-Face on spirit train with LED light, limited edition'"}",2025-12-11 19:34:13.417104,2025-12-11 19:34:13.417104,2025-12-11 19:34:13.417104,aaaaaaaa-aaaa-aaaa-aaaa-aaaaaaaaaaaa,,550e8400-e29b-41d4-a716-446655440005
550e8400-e29b-41d4-a716-446655440105,750e8400-e29b-41d4-a716-446655440008,Soot Sprites Snow Globe with Candy,"Glass snow globe with Soot Sprites eating candy, glitter effect. Cute decorative item perfect for Studio Ghibli fans.",Soot Sprites snow globe eating candy with glitter,GHIBLI-SOOT-GLOBE,Home Decor,"{'"currency'": '"VND'", '"retailPrice'": 550000.00, '"listingPrice'": 450000.00}","{'"quantity'": 15}","{'"sizes'": ['"One Size'"], '"colors'": ['"Clear'", '"Black'", '"White'", '"Colorful'"], '"materials'": ['"Glass'", '"PVC'", '"Glitter'"], '"specifications'": {'"Brand'": '"Studio Ghibli'", '"Feature'": '"Glitter effect'", '"Diameter'": '"10cm'", '"Material'": '"Glass, PVC'"}}",PRODUCT_TYPE_PHYSICAL,PUBLISHED,APPROVED,"{snow-globe,soot-sprites,candy,cute,studio-ghibli}",t,f,f,0.40,"{'"unit'": '"cm'", '"width'": 10, '"height'": 12, '"length'": 10}","{'"keywords'": ['"snow globe'", '"soot sprites'", '"candy'"], '"metaTitle'": '"Soot Sprites Snow Globe with Candy - Studio Ghibli'", '"metaDescription'": '"Glass snow globe with Soot Sprites eating candy, glitter effect'"}",2025-12-11 19:34:13.417104,2025-12-11 19:34:13.417104,2025-12-11 19:34:13.417104,aaaaaaaa-aaaa-aaaa-aaaa-aaaaaaaaaaaa,,550e8400-e29b-41d4-a716-446655440007
550e8400-e29b-41d4-a716-446655440106,750e8400-e29b-41d4-a716-446655440008,Soot Sprites LED Night Light Set,"LED night light set shaped like Soot Sprites, color changing feature, remote control. Perfect decorative lighting for Studio Ghibli themed rooms.","Soot Sprites LED night light set, color changing, remote control",GHIBLI-SOOT-LED-LIGHT,Home Decor,"{'"currency'": '"VND'", '"retailPrice'": 1000000.00, '"listingPrice'": 850000.00}","{'"quantity'": 15}","{'"sizes'": ['"One Size'"], '"colors'": ['"Black'", '"White'", '"Multi-color'"], '"materials'": ['"Plastic'", '"LED'"], '"specifications'": {'"Type'": '"Night light set'", '"Brand'": '"Studio Ghibli'", '"Feature'": '"Color changing, Remote control'", '"Material'": '"Plastic, LED'"}}",PRODUCT_TYPE_PHYSICAL,PUBLISHED,APPROVED,"{soot-sprites,led-light,night-light,studio-ghibli,home-decor}",t,f,f,0.60,"{'"unit'": '"cm'", '"width'": 20, '"height'": 25, '"length'": 20}","{'"keywords'": ['"soot sprites'", '"led'", '"night light'"], '"metaTitle'": '"Soot Sprites LED Night Light Set - Studio Ghibli'", '"metaDescription'": '"LED night light set shaped like Soot Sprites, color changing feature'"}",2025-12-11 19:34:13.417104,2025-12-11 19:34:13.417104,2025-12-11 19:34:13.417104,aaaaaaaa-aaaa-aaaa-aaaa-aaaaaaaaaaaa,,550e8400-e29b-41d4-a716-446655440007
550e8400-e29b-41d4-a716-446655440107,750e8400-e29b-41d4-a716-446655440008,Soot Sprites Set 10 Pieces,"Collection of 10 Soot Sprites (Susuwatari) from Spirited Away, can stick on walls, various sizes. Cute decorative items for Studio Ghibli fans.","Set of 10 Soot Sprites, wall adhesive",GHIBLI-SOOT-SPRITES-10,Toys & Figures,"{'"currency'": '"VND'", '"retailPrice'": 350000.00, '"listingPrice'": 280000.00}","{'"quantity'": 30}","{'"sizes'": ['"One Size'"], '"colors'": ['"Black'", '"White'"], '"materials'": ['"Vinyl'"], '"specifications'": {'"Brand'": '"Studio Ghibli'", '"Feature'": '"Wall adhesive'", '"Material'": '"Vinyl'", '"Set Size'": '"10 pieces'"}}",PRODUCT_TYPE_PHYSICAL,PUBLISHED,APPROVED,"{soot-sprites,spirited-away,cute,studio-ghibli,wall-sticker}",t,f,f,0.20,"{'"unit'": '"cm'", '"width'": 5, '"height'": 5, '"length'": 5}","{'"keywords'": ['"soot sprites'", '"wall sticker'", '"cute'"], '"metaTitle'": '"Soot Sprites Set 10 Pieces - Studio Ghibli'", '"metaDescription'": '"Collection of 10 Soot Sprites that can stick on walls'"}",2025-12-11 19:34:13.417104,2025-12-11 19:34:13.417104,2025-12-11 19:34:13.417104,aaaaaaaa-aaaa-aaaa-aaaa-aaaaaaaaaaaa,,550e8400-e29b-41d4-a716-446655440005
550e8400-e29b-41d4-a716-446655440108,750e8400-e29b-41d4-a716-446655440008,Soot Sprite Holding Golden Star Keychain,"Soot Sprite holding golden star, made from soft plastic, can be hung as keychain. Cute accessory for Studio Ghibli fans.",Soot Sprite keychain holding golden star,GHIBLI-SOOT-STAR-KEY,Accessories,"{'"currency'": '"VND'", '"retailPrice'": 150000.00, '"listingPrice'": 120000.00}","{'"quantity'": 50}","{'"sizes'": ['"One Size'"], '"colors'": ['"Black'", '"Gold'"], '"materials'": ['"Plastic'"], '"specifications'": {'"Type'": '"Keychain'", '"Brand'": '"Studio Ghibli'", '"Feature'": '"Golden star'", '"Material'": '"Soft plastic'"}}",PRODUCT_TYPE_PHYSICAL,PUBLISHED,APPROVED,"{soot-sprites,keychain,star,cute,studio-ghibli}",t,f,f,0.05,"{'"unit'": '"cm'", '"width'": 4, '"height'": 4, '"length'": 4}","{'"keywords'": ['"soot sprite'", '"keychain'", '"star'"], '"metaTitle'": '"Soot Sprite Holding Golden Star Keychain'", '"metaDescription'": '"Soot Sprite keychain holding golden star, soft plastic material'"}",2025-12-11 19:34:13.417104,2025-12-11 19:34:13.417104,2025-12-11 19:34:13.417104,aaaaaaaa-aaaa-aaaa-aaaa-aaaaaaaaaaaa,,550e8400-e29b-41d4-a716-446655440006
550e8400-e29b-41d4-a716-446655440109,750e8400-e29b-41d4-a716-446655440008,Studio Ghibli Totoro Figure 30cm Tall,"Official Studio Ghibli Totoro figure, made from safe PVC material, 30cm tall, meticulously detailed design. Perfect for collectors and Studio Ghibli fans.","Totoro figure 30cm tall, safe PVC material",GHIBLI-TOTORO-30CM,Toys & Figures,"{'"currency'": '"VND'", '"retailPrice'": 950000.00, '"listingPrice'": 850000.00}","{'"quantity'": 15}","{'"sizes'": ['"One Size'"], '"colors'": ['"Grey'", '"White'", '"Blue'"], '"materials'": ['"PVC'", '"Plastic'"], '"specifications'": {'"Brand'": '"Studio Ghibli'", '"Height'": '"30cm'", '"Origin'": '"Japan'", '"Material'": '"PVC'"}}",PRODUCT_TYPE_PHYSICAL,PUBLISHED,APPROVED,"{totoro,studio-ghibli,figure,collectible,japan}",t,t,f,0.80,"{'"unit'": '"cm'", '"width'": 20, '"height'": 30, '"length'": 20}","{'"keywords'": ['"totoro'", '"studio ghibli'", '"figure'", '"collectible'"], '"metaTitle'": '"Studio Ghibli Totoro Figure 30cm Tall - Official'", '"metaDescription'": '"Official Studio Ghibli Totoro figure, safe PVC material, 30cm tall'"}",2025-12-11 19:34:13.417104,2025-12-11 19:34:13.417104,2025-12-11 19:34:13.417104,aaaaaaaa-aaaa-aaaa-aaaa-aaaaaaaaaaaa,,550e8400-e29b-41d4-a716-446655440005
550e8400-e29b-41d4-a716-446655440111,750e8400-e29b-41d4-a716-446655440008,Totoro Snow Globe with Camphor Tree,"Glass snow globe with Totoro standing under camphor tree, snow effect when shaken, 12cm diameter. Beautiful decorative item for Studio Ghibli collection.","Totoro snow globe with camphor tree, 12cm diameter",GHIBLI-TOTORO-GLOBE,Home Decor,"{'"currency'": '"VND'", '"retailPrice'": 750000.00, '"listingPrice'": 650000.00}","{'"quantity'": 10}","{'"sizes'": ['"One Size'"], '"colors'": ['"Clear'", '"Grey'", '"Green'"], '"materials'": ['"Glass'", '"PVC'", '"Water'"], '"specifications'": {'"Brand'": '"Studio Ghibli'", '"Feature'": '"Snow effect when shaken'", '"Diameter'": '"12cm'", '"Material'": '"Glass, PVC'"}}",PRODUCT_TYPE_PHYSICAL,PUBLISHED,APPROVED,"{snow-globe,totoro,camphor-tree,studio-ghibli,collectible}",t,t,f,0.50,"{'"unit'": '"cm'", '"width'": 12, '"height'": 15, '"length'": 12}","{'"keywords'": ['"snow globe'", '"totoro'", '"camphor tree'"], '"metaTitle'": '"Totoro Snow Globe with Camphor Tree - Studio Ghibli'", '"metaDescription'": '"Glass snow globe with Totoro and camphor tree, snow effect when shaken'"}",2025-12-11 19:34:13.417104,2025-12-11 19:34:13.417104,2025-12-11 19:34:13.417104,aaaaaaaa-aaaa-aaaa-aaaa-aaaaaaaaaaaa,,550e8400-e29b-41d4-a716-446655440007
550e8400-e29b-41d4-a716-446655440112,750e8400-e29b-41d4-a716-446655440008,Totoro Mini Set 3 Pieces,"Collection of 3 mini Totoro figures (Large Totoro, Medium Totoro, Small Totoro), 8-15cm tall. Perfect gift set for Studio Ghibli fans.","Set of 3 mini Totoro figures, 8-15cm tall",GHIBLI-TOTORO-MINI-SET,Toys & Figures,"{'"currency'": '"VND'", '"retailPrice'": 420000.00, '"listingPrice'": 350000.00}","{'"quantity'": 25}","{'"sizes'": ['"One Size'"], '"colors'": ['"Grey'", '"White'"], '"materials'": ['"PVC'"], '"specifications'": {'"Brand'": '"Studio Ghibli'", '"Material'": '"PVC'", '"Set Size'": '"3 pieces'", '"Height Range'": '"8-15cm'"}}",PRODUCT_TYPE_PHYSICAL,PUBLISHED,APPROVED,"{totoro,mini-figure,set,studio-ghibli,japanese}",t,f,f,0.30,"{'"unit'": '"cm'", '"width'": 15, '"height'": 15, '"length'": 15}","{'"keywords'": ['"totoro'", '"mini'", '"set'", '"studio ghibli'"], '"metaTitle'": '"Totoro Mini Set 3 Pieces - Studio Ghibli'", '"metaDescription'": '"Collection of 3 mini Totoro figures, 8-15cm tall'"}",2025-12-11 19:34:13.417104,2025-12-11 19:34:13.417104,2025-12-11 19:34:13.417104,aaaaaaaa-aaaa-aaaa-aaaa-aaaaaaaaaaaa,,550e8400-e29b-41d4-a716-446655440005
550e8400-e29b-41d4-a716-446655440113,750e8400-e29b-41d4-a716-446655440008,Premium Totoro Gift Set Limited Edition,"Premium gift set includes: Totoro figure 20cm, snow globe, and 3 Soot Sprites. Limited quantity available. Perfect gift for Studio Ghibli collectors.",Premium gift set: Totoro 20cm + snow globe + 3 Soot Sprites,GHIBLI-TOTORO-PREMIUM,Gift Sets,"{'"currency'": '"VND'", '"retailPrice'": 2200000.00, '"listingPrice'": 1850000.00}","{'"quantity'": 5}","{'"sizes'": ['"One Size'"], '"colors'": ['"Grey'", '"White'", '"Blue'", '"Clear'"], '"materials'": ['"PVC'", '"Glass'", '"Plastic'"], '"specifications'": {'"Brand'": '"Studio Ghibli'", '"Edition'": '"Limited'", '"Material'": '"PVC, Glass'", '"Set Includes'": '"Totoro 20cm figure, Snow globe, 3 Soot Sprites'"}}",PRODUCT_TYPE_PHYSICAL,PUBLISHED,APPROVED,"{totoro,premium,gift-set,limited,studio-ghibli,collector}",t,t,f,1.50,"{'"unit'": '"cm'", '"width'": 30, '"height'": 35, '"length'": 30}","{'"keywords'": ['"totoro'", '"premium'", '"gift set'", '"limited'"], '"metaTitle'": '"Premium Totoro Gift Set Limited Edition - Studio Ghibli'", '"metaDescription'": '"Premium Totoro gift set with snow globe and Soot Sprites, limited quantity'"}",2025-12-11 19:34:13.417104,2025-12-11 19:34:13.417104,2025-12-11 19:34:13.417104,aaaaaaaa-aaaa-aaaa-aaaa-aaaaaaaaaaaa,,550e8400-e29b-41d4-a716-446655440008
550e8400-e29b-41d4-a716-446655440114,750e8400-e29b-41d4-a716-446655440008,Totoro Limited Edition Raincoat Version,"Totoro limited edition wearing raincoat, premium PVC material, limited quantity available. Rare collectible for Studio Ghibli enthusiasts.",Totoro limited edition wearing raincoat,GHIBLI-TOTORO-RAIN-LTD,Toys & Figures,"{'"currency'": '"VND'", '"retailPrice'": 1500000.00, '"listingPrice'": 1200000.00}","{'"quantity'": 0}","{'"sizes'": ['"One Size'"], '"colors'": ['"Grey'", '"Yellow'"], '"materials'": ['"PVC'"], '"specifications'": {'"Brand'": '"Studio Ghibli'", '"Height'": '"25cm'", '"Edition'": '"Limited - Raincoat Version'", '"Material'": '"PVC'"}}",PRODUCT_TYPE_PHYSICAL,PUBLISHED,APPROVED,"{totoro,limited,raincoat,studio-ghibli,collector}",t,f,f,0.70,"{'"unit'": '"cm'", '"width'": 18, '"height'": 25, '"length'": 18}","{'"keywords'": ['"totoro'", '"limited'", '"raincoat'"], '"metaTitle'": '"Totoro Limited Edition Raincoat Version'", '"metaDescription'": '"Totoro limited edition wearing raincoat, limited quantity'"}",2025-12-11 19:34:13.417104,2025-12-11 19:34:13.417104,2025-12-11 19:34:13.417104,aaaaaaaa-aaaa-aaaa-aaaa-aaaaaaaaaaaa,,550e8400-e29b-41d4-a716-446655440005
550e8400-e29b-41d4-a716-446655440115,750e8400-e29b-41d4-a716-446655440008,Snow Globe Totoro Sleeping on Grass,"Glass snow globe with Totoro sleeping on grass mat, music box and LED light included. Beautiful decorative item with interactive features.",Totoro snow globe sleeping on grass with music and LED,GHIBLI-TOTORO-SLEEP-GLOBE,Home Decor,"{'"currency'": '"VND'", '"retailPrice'": 1200000.00, '"listingPrice'": 950000.00}","{'"quantity'": 8}","{'"sizes'": ['"One Size'"], '"colors'": ['"Clear'", '"Grey'", '"Green'"], '"materials'": ['"Glass'", '"PVC'", '"LED'", '"Music mechanism'"], '"specifications'": {'"Brand'": '"Studio Ghibli'", '"Feature'": '"Music box + LED light'", '"Diameter'": '"14cm'", '"Material'": '"Glass, PVC, LED'"}}",PRODUCT_TYPE_PHYSICAL,PUBLISHED,APPROVED,"{snow-globe,totoro,sleeping,music-box,led,studio-ghibli}",t,f,f,0.70,"{'"unit'": '"cm'", '"width'": 14, '"height'": 18, '"length'": 14}","{'"keywords'": ['"snow globe'", '"totoro'", '"music box'", '"led'"], '"metaTitle'": '"Snow Globe Totoro Sleeping on Grass - Music Box + LED'", '"metaDescription'": '"Glass snow globe with Totoro sleeping on grass with music and LED light'"}",2025-12-11 19:34:13.417104,2025-12-11 19:34:13.417104,2025-12-11 19:34:13.417104,aaaaaaaa-aaaa-aaaa-aaaa-aaaaaaaaaaaa,,550e8400-e29b-41d4-a716-446655440007
